"SE","start","end","cases","Rt","Rt2","p1","lwr","upr"
1,"1996-01-08","1996-01-14",16,NA,NA,NA,NA,NA
2,"1996-01-15","1996-01-21",24,NA,NA,NA,NA,NA
3,"1996-01-22","1996-01-28",20,NA,NA,NA,NA,NA
4,"1996-01-29","1996-02-04",18,1.03333333333333,1.0213849287169,0.572089200394459,0.706770371897712,1.42932359424427
5,"1996-02-05","1996-02-11",23,0.983870967741935,0.973372781065089,0.463955399802771,0.674285821470088,1.36000051701839
6,"1996-02-12","1996-02-18",37,1.27868852459016,1.26152304609218,0.92620406791557,0.893381977830529,1.73601363179466
7,"1996-02-19","1996-02-25",44,1.33333333333333,1.31889763779528,0.973505555673278,0.975808200248087,1.74839609984289
8,"1996-02-26","1996-03-03",53,1.28846153846154,1.27817319098458,0.974449731674793,0.983212674765697,1.63683891656269
9,"1996-03-04","1996-03-10",62,1.1865671641791,1.17959372114497,0.928333337059555,0.932285597984871,1.4737764392153
10,"1996-03-11","1996-03-17",110,1.41509433962264,1.40724863600935,0.999637750696013,1.1442826383765,1.71516673684651
11,"1996-03-18","1996-03-24",173,1.53333333333333,1.52705687465489,0.99999977777888,1.28771496903609,1.80026874139821
12,"1996-03-25","1996-03-31",247,1.53623188405797,1.53211836881992,0.99999999983165,1.3355936058141,1.75084675960001
13,"1996-04-01","1996-04-07",550,1.83018867924528,1.82674664784757,1,1.64170132184813,2.02837001289547
14,"1996-04-08","1996-04-14",245,1.07422680412371,1.07341397503539,0.945826199010147,0.982633351402565,1.17032892330635
15,"1996-04-15","1996-04-21",454,1.19865642994242,1.19773571342997,0.999992492167517,1.10234067549732,1.29929321133595
16,"1996-04-22","1996-04-28",411,0.88871096877502,0.888283514945516,0.0020968524790923,0.818582889418847,0.962189302381893
17,"1996-04-29","1996-05-05",288,1.03873873873874,1.03807220785064,0.817030331266778,0.955153674252377,1.12623214355799
18,"1996-05-06","1996-05-12",189,0.770164787510841,0.769842988630211,2.11091810697894e-09,0.704573532472959,0.839278576204279
19,"1996-05-13","1996-05-19",157,0.713963963963964,0.713633169360506,3.33825189713366e-11,0.643515642030511,0.788918245884625
20,"1996-05-20","1996-05-26",154,0.788643533123028,0.78801888648436,3.36906040784291e-05,0.699516595888372,0.884196563736103
21,"1996-05-27","1996-06-02",116,0.854,0.853029169783097,0.00819848811960933,0.7480208300903,0.968253597854014
22,"1996-06-03","1996-06-09",94,0.852459016393443,0.851327691858769,0.0124679987828433,0.738329257866366,0.976266516572947
23,"1996-06-10","1996-06-16",65,0.755494505494505,0.754533014026685,0.000208696993011626,0.642958619150718,0.879101505863968
24,"1996-06-17","1996-06-23",55,0.778181818181818,0.776797829036635,0.00285066812271317,0.646882348494446,0.924190658657957
25,"1996-06-24","1996-06-30",49,0.789719626168224,0.787869994196169,0.0105953233781473,0.640453767604303,0.957898925807479
26,"1996-07-01","1996-07-07",27,0.775147928994083,0.772927366104182,0.0139050730116815,0.610969891228883,0.963124304467824
27,"1996-07-08","1996-07-14",11,0.66412213740458,0.662417374881964,0.00136712187353993,0.499863941833803,0.858135624568624
28,"1996-07-15","1996-07-21",21,0.67816091954023,0.675388967468175,0.00987046993151286,0.477997929799385,0.922933338853741
29,"1996-07-22","1996-07-28",9,0.694915254237288,0.69047619047619,0.0349502868474731,0.453816231279424,1.00133042405425
30,"1996-07-29","1996-08-04",3,0.804878048780488,0.794985250737463,0.174590919085295,0.490249241418956,1.2144023286793
31,"1996-08-05","1996-08-11",6,0.545454545454545,0.543636363636364,0.0164195687821342,0.292070322755542,0.908756930399148
32,"1996-08-12","1996-08-18",4,0.722222222222222,0.706451612903226,0.180797304026783,0.326522311171294,1.3172050828517
33,"1996-08-19","1996-08-25",47,4.38461538461539,4.01304347826087,0.999999981288753,2.22296896531876,6.96223506235434
34,"1996-08-26","1996-09-01",4,0.964912280701754,0.953961456102784,0.424775093657227,0.648782813635846,1.35287510674952
35,"1996-09-02","1996-09-08",9,1.09090909090909,1.07649667405765,0.680115315678525,0.736686318040676,1.52153406005797
36,"1996-09-09","1996-09-15",11,0.4,0.40224032586558,2.98679781930433e-05,0.241387026306108,0.618354066440525
37,"1996-09-16","1996-09-22",16,1.5,1.44581280788177,0.941261324877471,0.848264792793308,2.32957364540332
38,"1996-09-23","1996-09-29",3,0.833333333333333,0.821070234113712,0.228510392705295,0.49230157111365,1.28231648897704
39,"1996-09-30","1996-10-06",4,0.766666666666667,0.754980079681275,0.165874881684746,0.423476905496455,1.23605408154065
40,"1996-10-07","1996-10-13",6,0.565217391304348,0.561538461538462,0.0447655394673349,0.267242069612742,1.01786534225557
41,"1996-10-14","1996-10-20",7,1.30769230769231,1.2304347826087,0.77087084017694,0.578809370635448,2.32580430081366
42,"1996-10-21","1996-10-27",2,0.882352941176471,0.853741496598639,0.360050065908581,0.406523846026197,1.57393760576025
43,"1996-10-28","1996-11-03",2,0.733333333333333,0.713740458015267,0.212178111076355,0.306672906644071,1.39444253147708
44,"1996-11-04","1996-11-10",4,0.727272727272727,0.702020202020202,0.240341186523438,0.258985632724181,1.50044126456
45,"1996-11-11","1996-11-17",3,1.125,1.03333333333333,0.598190307617187,0.376578949819973,2.28308604777494
46,"1996-11-18","1996-11-24",8,1.66666666666667,1.51204819277108,0.894980192184448,0.647605472805937,3.08384992629398
47,"1996-11-25","1996-12-01",6,1.13333333333333,1.08015267175573,0.639949934091419,0.519928150810318,1.99721114555176
48,"1996-12-02","1996-12-08",31,2.64705882352941,2.48639455782313,0.999867860669086,1.41857901328581,4.15763142718785
49,"1996-12-09","1996-12-15",50,1.93333333333333,1.89083557951482,0.999892111737609,1.31003478282844,2.66541923107103
50,"1996-12-16","1996-12-22",38,1.36781609195402,1.35431400282885,0.987410164105562,1.02023895111583,1.76754863013907
51,"1996-12-23","1996-12-29",26,0.957983193277311,0.952751817237799,0.37139529105062,0.731252772303702,1.21982691132061
52,"1996-12-30","1997-01-05",7,0.62280701754386,0.621343445287107,0.000728150405665318,0.4561184868382,0.823256388937336
1,"1997-01-06","1997-01-12",24,0.802816901408451,0.79706390328152,0.106982577017711,0.553992328073496,1.10765769862916
2,"1997-01-13","1997-01-19",17,0.842105263157895,0.834047109207709,0.188791961649049,0.558183171912614,1.19590286270071
3,"1997-01-20","1997-01-26",26,1.39583333333333,1.37088607594937,0.962653734960117,0.935992335856287,1.94824968255841
4,"1997-01-27","1997-02-02",13,0.835820895522388,0.829067641681901,0.159654148737622,0.572542286407097,1.15880781774221
5,"1997-02-03","1997-02-09",22,1.08928571428571,1.07516339869281,0.678666287310194,0.738235382482024,1.51540931625569
6,"1997-02-10","1997-02-16",23,0.950819672131147,0.940881763527054,0.391277930705876,0.647386244031319,1.32134872762277
7,"1997-02-17","1997-02-23",44,1.53448275862069,1.51052631578947,0.994971762216537,1.07621998605572,2.07232237351482
8,"1997-02-24","1997-03-02",65,1.48314606741573,1.46818810511757,0.998177195051142,1.11537871909697,1.90316910279452
9,"1997-03-03","1997-03-09",49,1.1969696969697,1.18978444236176,0.936991919512253,0.939122853911122,1.48831031799921
10,"1997-03-10","1997-03-16",22,0.860759493670886,0.857647058823529,0.0993103854263668,0.677411596507756,1.07007649247057
11,"1997-03-17","1997-03-23",33,0.764705882352941,0.762056414922657,0.0191191523908608,0.585224911199453,0.973591917996984
12,"1997-03-24","1997-03-30",56,1.06730769230769,1.05990510083037,0.683804854341782,0.804884524235678,1.37080679475692
13,"1997-03-31","1997-04-06",306,3.55855855855856,3.52113459399333,1,2.84871865936376,4.32869306249702
14,"1997-04-07","1997-04-13",29,0.989873417721519,0.988174077578051,0.443243320652889,0.857183015834177,1.13337556679056
15,"1997-04-14","1997-04-20",32,0.938618925831202,0.937081873208028,0.191530086222557,0.810598588662216,1.07742735942218
16,"1997-04-21","1997-04-27",17,0.212534059945504,0.21360705802511,0,0.165274102654354,0.269266767812916
17,"1997-04-28","1997-05-04",17,0.846153846153846,0.840157480314961,0.157812448721671,0.59742875299658,1.14653359980327
18,"1997-05-05","1997-05-11",12,0.696969696969697,0.692949907235622,0.028581822623301,0.466602778529948,0.985969232223592
19,"1997-05-12","1997-05-18",16,0.978260869565217,0.964379947229551,0.458064438505645,0.628034987813564,1.41686983719278
20,"1997-05-19","1997-05-25",7,0.777777777777778,0.769541778975741,0.130212762948622,0.483050367288332,1.15884436723918
21,"1997-05-26","1997-06-01",9,0.914285714285714,0.898625429553265,0.356115441318677,0.542790679142878,1.39855094805276
22,"1997-06-02","1997-06-08",10,0.8125,0.799625468164794,0.213521428251628,0.462100924819277,1.28289572704449
23,"1997-06-09","1997-06-15",6,0.961538461538462,0.938356164383562,0.443862413670393,0.525902713316994,1.54700484883338
24,"1997-06-16","1997-06-22",7,0.92,0.898104265402844,0.385433497286514,0.49333356384301,1.5006781646306
25,"1997-06-23","1997-06-29",10,1,0.971794871794872,0.499999999999999,0.528273581140075,1.6403846033427
26,"1997-06-30","1997-07-06",12,1.26086956521739,1.21794871794872,0.799469004486031,0.688775585760109,2.00995055354705
27,"1997-07-07","1997-07-13",6,0.96551724137931,0.944444444444444,0.446926547417511,0.546805279517637,1.51991341509182
28,"1997-07-14","1997-07-20",3,0.75,0.738297872340426,0.156163403736635,0.403592636056266,1.23048026647441
29,"1997-07-21","1997-07-27",5,0.666666666666667,0.656424581005587,0.114740506513044,0.315562082202414,1.1893967898422
30,"1997-07-28","1997-08-03",2,0.714285714285714,0.695121951219512,0.202436447143555,0.287061071290431,1.38959606801339
31,"1997-08-04","1997-08-10",5,1.2,1.11538461538462,0.668188095092773,0.461070314220281,2.28898959322114
32,"1997-08-11","1997-08-17",6,1.08333333333333,1.02336448598131,0.580590128898621,0.445757047915031,2.01964851623146
33,"1997-08-18","1997-08-24",2,1,0.952173913043478,0.5,0.420104215106143,1.85630579328989
34,"1997-08-25","1997-08-31",4,0.923076923076923,0.882608695652174,0.419409871101379,0.380998713471275,1.73834265936702
35,"1997-09-01","1997-09-07",4,0.833333333333333,0.799065420560748,0.331811904907227,0.322601075088836,1.63214548146223
36,"1997-09-08","1997-09-14",3,1.1,1.02747252747253,0.588098526000976,0.414499542193678,2.13129902704898
37,"1997-09-15","1997-09-21",2,0.818181818181818,0.782828282828283,0.323802947998047,0.301162853262097,1.64404555371397
38,"1997-09-22","1997-09-28",1,0.666666666666667,0.644578313253012,0.21197509765625,0.20505985063117,1.48454846621191
39,"1997-09-29","1997-10-05",10,2.16666666666667,1.85593220338983,0.951873779296875,0.707213674106127,4.15118372186975
40,"1997-10-06","1997-10-12",5,1.23076923076923,1.16086956521739,0.714205905795097,0.538854175892391,2.20871673719899
41,"1997-10-13","1997-10-19",2,1.0625,1.01798561151079,0.569974967045709,0.494820541313918,1.8646307462401
42,"1997-10-20","1997-10-26",3,0.588235294117647,0.581632653061224,0.0843187719583512,0.246437848202689,1.13453819735933
43,"1997-10-27","1997-11-02",0,0.5,0.5,0.08978271484375,0.148128604132216,1.17141752495222
44,"1997-11-03","1997-11-09",6,1.8,1.51960784313725,0.8665771484375,0.50383311381693,3.66095035125955
45,"1997-11-10","1997-11-16",4,1.11111111111111,1.03012048192771,0.592735290527344,0.396518303421537,2.20084863409951
46,"1997-11-17","1997-11-23",8,1.8,1.64285714285714,0.938960939645767,0.745987229070261,3.22942744778584
47,"1997-11-24","1997-11-30",4,0.888888888888889,0.861290322580645,0.364166240440682,0.419864518620217,1.56336725214326
48,"1997-12-01","1997-12-07",2,0.875,0.845323741007194,0.355535551905632,0.392219067087531,1.58492928801851
49,"1997-12-08","1997-12-14",5,0.785714285714286,0.760162601626016,0.270628094673157,0.323455976665317,1.49901643447569
50,"1997-12-15","1997-12-21",7,1.27272727272727,1.18686868686869,0.729371905326843,0.519051247076742,2.35475956963612
51,"1997-12-22","1997-12-28",2,1,0.955284552845528,0.5,0.434597947399301,1.82525485648778
52,"1997-12-29","1998-01-04",12,1.5,1.41056910569106,0.885259493486956,0.700632314483186,2.5795837256359
1,"1998-01-05","1998-01-11",26,1.9047619047619,1.81843575418994,0.993255353134404,1.06015095606742,2.96277428190315
2,"1998-01-12","1998-01-18",30,1.7,1.66012084592145,0.99674111768436,1.11277680216094,2.40349995297657
3,"1998-01-19","1998-01-25",30,1.26470588235294,1.24954954954955,0.927317225126364,0.900723061558057,1.6934029085612
4,"1998-01-26","1998-02-01",32,1.06976744186047,1.06080114449213,0.673939177670498,0.783363152082792,1.40562012957788
5,"1998-02-02","1998-02-08",22,0.91304347826087,0.906961178045515,0.272736328923949,0.66777547750771,1.20299438715523
6,"1998-02-09","1998-02-15",34,1.04761904761905,1.03879941434846,0.620102982939085,0.762965253343152,1.38261306565258
7,"1998-02-16","1998-02-22",35,1.03409090909091,1.02587412587413,0.588916505932508,0.758160307088365,1.35799216865473
8,"1998-02-23","1998-03-01",48,1.28571428571429,1.27401894451962,0.96475732709471,0.96193730244738,1.65856465917219
9,"1998-03-02","1998-03-08",97,1.53846153846154,1.52639915522703,0.999880985082826,1.20397946241418,1.91347296506178
10,"1998-03-09","1998-03-15",193,1.87777777777778,1.86733287388008,0.999999999998753,1.55462614667039,2.22939064664589
11,"1998-03-16","1998-03-22",583,2.58284023668639,2.5744014732965,1,2.26847653901883,2.91461158788726
12,"1998-03-23","1998-03-29",1059,2.10194730813288,2.09942816297355,1,1.93591134205999,2.27420353505557
13,"1998-03-30","1998-04-05",4672,3.4408719346049,3.43866993397318,1,3.26401229171361,3.62145186330133
14,"1998-04-06","1998-04-12",1246,1.10500475134621,1.1048730281258,0.99999999559707,1.06774122768242,1.14296753903395
15,"1998-04-13","1998-04-19",1394,1.04801490612011,1.04790692675587,0.997466152569491,1.01395489769647,1.08269928026992
16,"1998-04-20","1998-04-26",1110,0.512855579868709,0.5128531628694,0,0.492927244507892,0.533303746936043
17,"1998-04-27","1998-05-03",760,0.8704,0.870264236446636,3.20522319796623e-09,0.830127425414762,0.911784769106
18,"1998-05-04","1998-05-10",519,0.731924019607843,0.731826359912721,0,0.693924073776546,0.771157681208611
19,"1998-05-11","1998-05-17",434,0.717036416910841,0.716911572452021,0,0.673394819908188,0.762356735673757
20,"1998-05-18","1998-05-24",307,0.735551663747811,0.735362741523879,0,0.683244575678981,0.790210304459659
21,"1998-05-25","1998-05-31",180,0.730952380952381,0.7307006243187,1.73194791841524e-13,0.670474752584588,0.794621793496094
22,"1998-06-01","1998-06-07",128,0.667752442996743,0.667502371595067,2.33146835171283e-15,0.601792975222814,0.738005091074733
23,"1998-06-08","1998-06-14",60,0.598373983739837,0.598154532549179,1.11022302462516e-15,0.524307237091176,0.678747126152648
24,"1998-06-15","1998-06-21",58,0.668478260869565,0.667851099830795,3.8394497914318e-07,0.566122490699192,0.781544798185237
25,"1998-06-22","1998-06-28",35,0.621951219512195,0.621273370389085,1.41827098687486e-06,0.50464261268246,0.755047652216739
26,"1998-06-29","1998-07-05",28,0.790849673202614,0.788259109311741,0.0262896359994065,0.616382779410533,0.991669698877559
27,"1998-07-06","1998-07-12",18,0.669421487603306,0.667517875383044,0.00233002598732002,0.498183178422282,0.87287583586198
28,"1998-07-13","1998-07-19",21,0.827160493827161,0.821699544764795,0.124062862876896,0.586798204034437,1.1170956255854
29,"1998-07-20","1998-07-26",13,0.776119402985075,0.770566727605119,0.0835255570869011,0.527540967507893,1.08357921297658
30,"1998-07-27","1998-08-02",19,1.01923076923077,1.00585480093677,0.539025586186784,0.675672892910106,1.44214976538209
31,"1998-08-03","1998-08-09",12,0.830188679245283,0.82183908045977,0.179198816095813,0.540584005663782,1.19451863992789
32,"1998-08-10","1998-08-16",10,0.931818181818182,0.918732782369146,0.371822093052602,0.588610776765062,1.36628819424616
33,"1998-08-17","1998-08-23",11,0.804878048780488,0.794985250737463,0.174590919085295,0.490249241418956,1.2144023286793
34,"1998-08-24","1998-08-30",6,0.818181818181818,0.805454545454545,0.217496402561077,0.470124495036236,1.28297871270545
35,"1998-08-31","1998-09-06",8,0.925925925925926,0.905286343612335,0.389883965276538,0.509666950824126,1.48591780237642
36,"1998-09-07","1998-09-13",7,0.84,0.822274881516588,0.27574216490126,0.443704206426131,1.38787885248867
37,"1998-09-14","1998-09-20",7,1.04761904761905,1.01396648044693,0.561192835623842,0.540106977799474,1.73968478327088
38,"1998-09-21","1998-09-27",10,1.09090909090909,1.05614973262032,0.617004087877602,0.575253586889085,1.78506319996098
39,"1998-09-28","1998-10-04",8,1.04166666666667,1.01231527093596,0.557283251356743,0.56173138522074,1.68521659908482
40,"1998-10-05","1998-10-11",6,0.96,0.936018957345972,0.442716748643257,0.518247507793776,1.55697718453412
41,"1998-10-12","1998-10-18",5,0.791666666666667,0.775862068965517,0.220399533671298,0.407971237655281,1.33118459819874
42,"1998-10-19","1998-10-25",10,1.10526315789474,1.06441717791411,0.625370687619579,0.554238591094986,1.85991483845184
43,"1998-10-26","1998-11-01",4,0.904761904761905,0.879888268156425,0.374629312380421,0.455059344402937,1.53418567440799
44,"1998-11-02","1998-11-08",11,1.31578947368421,1.26073619631902,0.819811173532116,0.677506586685934,2.16520826680307
45,"1998-11-09","1998-11-15",9,0.96,0.936018957345972,0.442716748643257,0.518247507793776,1.55697718453412
46,"1998-11-16","1998-11-22",14,1.41666666666667,1.36699507389163,0.907574758791791,0.795875650307534,2.21271345140721
47,"1998-11-23","1998-11-29",10,0.970588235294118,0.952296819787986,0.451079250048351,0.5761302598138,1.48227972467962
48,"1998-11-30","1998-12-06",14,1.15151515151515,1.12545454545455,0.724793744088764,0.692402563103602,1.73565649218974
49,"1998-12-07","1998-12-13",14,1,0.982539682539682,0.499999999999999,0.61390850901429,1.49240834852363
50,"1998-12-14","1998-12-20",9,0.973684210526316,0.957142857142857,0.45378030880625,0.595818981896932,1.45727952892955
51,"1998-12-21","1998-12-27",14,1,0.982084690553746,0.499999999999998,0.609637514377101,1.49936695499193
52,"1998-12-28","1999-01-03",10,0.891891891891892,0.877850162866449,0.315228245893401,0.535864327459886,1.35446132010193
1,"1999-01-04","1999-01-10",35,1.78787878787879,1.73636363636364,0.996947239462738,1.1227354667447,2.59382751155305
2,"1999-01-11","1999-01-17",10,0.932203389830508,0.922360248447205,0.353441130745977,0.629147606971044,1.30424999560614
3,"1999-01-18","1999-01-24",14,1.07272727272727,1.05875831485588,0.646558869254023,0.72327453753126,1.49828361519435
4,"1999-01-25","1999-01-31",24,0.813559322033898,0.806418219461698,0.142642210932829,0.541233660796876,1.15303954241203
5,"1999-02-01","1999-02-07",26,1.33333333333333,1.31012658227848,0.93576228395712,0.890661408954602,1.86743015990034
6,"1999-02-08","1999-02-14",30,1.25,1.23422562141491,0.909649457079257,0.879691454481803,1.68868330889252
7,"1999-02-15","1999-02-21",49,1.3125,1.29877112135177,0.967483684787417,0.963543448472219,1.71736062090129
8,"1999-02-22","1999-02-28",60,1.32380952380952,1.31316098707403,0.985516252798947,1.01312463340259,1.67754815536893
9,"1999-03-01","1999-03-07",67,1.26618705035971,1.2586821015138,0.981686626827298,1.00278137463713,1.5619220277028
10,"1999-03-08","1999-03-14",90,1.23295454545455,1.22727272727273,0.980879631939319,1.00192658656083,1.48943446288805
11,"1999-03-15","1999-03-21",165,1.48387096774194,1.47767601602748,0.999997197026387,1.24063527406496,1.7489699936347
12,"1999-03-22","1999-03-28",252,1.57453416149068,1.56996521066873,0.999999999946167,1.36292073687321,1.80123371075679
13,"1999-03-29","1999-04-04",930,2.65680473372781,2.65097123186624,1,2.392083540479,2.93332484472567
14,"1999-04-05","1999-04-11",375,1.15590200445434,1.15523315101511,0.999951739979124,1.07331585321995,1.24179996392779
15,"1999-04-12","1999-04-18",378,1.08092485549133,1.08041228844149,0.986591057209808,1.00788188103849,1.15678394999627
16,"1999-04-19","1999-04-25",274,0.610219845513963,0.61012987012987,0,0.56403678657863,0.658719311803725
17,"1999-04-26","1999-05-02",242,0.870496592015579,0.870001215509906,0.00119718828153403,0.794544080645744,0.950503621316079
18,"1999-05-03","1999-05-09",224,0.827740492170022,0.827237191121039,6.84954518879177e-05,0.749486814912998,0.910601050877885
19,"1999-05-10","1999-05-16",149,0.831081081081081,0.830467037599056,0.000337853944828437,0.745078126674519,0.922651355142009
20,"1999-05-17","1999-05-23",160,0.866666666666667,0.865848712228757,0.00771629457699885,0.769651728797794,0.97043569527913
21,"1999-05-24","1999-05-30",79,0.727954971857411,0.727368421052632,8.33668605926263e-07,0.636627291754001,0.826804767841566
22,"1999-05-31","1999-06-06",61,0.77319587628866,0.77223113964687,0.000387436756003945,0.662128729082143,0.894699635981078
23,"1999-06-07","1999-06-13",50,0.633333333333333,0.632725010369141,2.94364810415892e-07,0.524979696851301,0.754690219706968
24,"1999-06-14","1999-06-20",50,0.847368421052632,0.844872632266492,0.0604948239740701,0.680997823646787,1.03531683232547
25,"1999-06-21","1999-06-27",21,0.751552795031056,0.749422632794457,0.00843464817007189,0.587533211879872,0.940391889952702
26,"1999-06-28","1999-07-04",19,0.743801652892562,0.741062308478039,0.0160863048497886,0.558488755781459,0.96193109133313
27,"1999-07-05","1999-07-11",29,0.766666666666667,0.76265389876881,0.0472372676109658,0.550238224870705,1.02719142892425
28,"1999-07-12","1999-07-18",18,0.956521739130435,0.947602131438721,0.397814357485194,0.667587941003507,1.30511693999903
29,"1999-07-19","1999-07-25",18,0.984848484848485,0.974953617810761,0.465077669654109,0.683348741884758,1.34902089676587
30,"1999-07-26","1999-08-01",9,0.692307692307692,0.688323917137476,0.0274544088878802,0.461614110851909,0.982441077305945
31,"1999-08-02","1999-08-08",13,0.888888888888889,0.877358490566038,0.292823397360612,0.561430109070625,1.30485150487791
32,"1999-08-09","1999-08-15",8,0.75,0.741691842900302,0.114200112676649,0.449345168960249,1.14661679350587
33,"1999-08-16","1999-08-22",11,1.06666666666667,1.04183266932271,0.60092368634714,0.618557495222999,1.64898715328231
34,"1999-08-23","1999-08-29",19,1.1875,1.15917602996255,0.764815734070927,0.710606479041243,1.79393202201534
35,"1999-08-30","1999-09-05",6,0.947368421052632,0.931746031746032,0.407560617612499,0.577749628569449,1.42213038978083
36,"1999-09-06","1999-09-12",7,0.888888888888889,0.874581939799331,0.312703414470825,0.529831562001215,1.35719180884013
37,"1999-09-13","1999-09-19",8,0.65625,0.649812734082397,0.0631735379069608,0.360247523513932,1.06825612939519
38,"1999-09-20","1999-09-26",9,1.14285714285714,1.10335195530726,0.674206086395542,0.597190931953512,1.87629236837666
39,"1999-09-27","1999-10-03",9,1.08333333333333,1.05172413793103,0.612275172659215,0.587581095880322,1.74399576816808
40,"1999-10-04","1999-10-10",11,1.11538461538462,1.08447488584475,0.658255385882331,0.623194490897482,1.76194280256948
41,"1999-10-11","1999-10-17",10,1.03448275862069,1.01028806584362,0.552158393055204,0.591511618377626,1.61502361410757
42,"1999-10-18","1999-10-24",7,0.933333333333333,0.914342629482072,0.395683213889591,0.531442368467439,1.46587836642066
43,"1999-10-25","1999-10-31",4,0.75,0.738297872340426,0.156163403736635,0.403592636056266,1.23048026647441
44,"1999-11-01","1999-11-07",9,0.952380952380952,0.924581005586592,0.43731465619021,0.483320456551112,1.60277496788092
45,"1999-11-08","1999-11-14",7,1,0.967836257309941,0.5,0.502650303708064,1.68838138434088
46,"1999-11-15","1999-11-21",5,1.05,1.01461988304094,0.56268534380979,0.532094490879031,1.76067540815922
47,"1999-11-22","1999-11-28",12,1.14285714285714,1.10335195530726,0.674206086395542,0.597190931953512,1.87629236837666
48,"1999-11-29","1999-12-05",8,1.04166666666667,1.01231527093596,0.557283251356743,0.56173138522074,1.68521659908482
49,"1999-12-06","1999-12-12",7,1.08,1.04976303317536,0.610116034723462,0.593320590991252,1.72553865986063
50,"1999-12-13","1999-12-19",7,0.814814814814815,0.799559471365639,0.235439506810856,0.439413338347517,1.3307478399932
51,"1999-12-20","1999-12-26",6,0.909090909090909,0.885026737967914,0.377614328752315,0.46543800725509,1.5252643436156
52,"1999-12-27","2000-01-02",19,1.6,1.52923976608187,0.954042725092073,0.860095970996086,2.55172777609126
1,"2000-01-03","2000-01-09",16,1.28125,1.24906367041199,0.855607859792947,0.773286489143975,1.92113260332059
2,"2000-01-10","2000-01-16",27,1.51219512195122,1.47935103244838,0.98146661628072,0.986049588982605,2.14806732012145
3,"2000-01-17","2000-01-23",37,1.29032258064516,1.27317554240631,0.935371168211208,0.904907782234576,1.7468178921015
4,"2000-01-24","2000-01-30",39,1.2875,1.2741935483871,0.95602999429777,0.943984455691535,1.68662471278018
5,"2000-01-31","2000-02-06",33,1.05825242718447,1.05089820359281,0.660167609892473,0.796452822469507,1.36143214536936
6,"2000-02-07","2000-02-13",32,0.954128440366973,0.948471121177803,0.365693377510321,0.718925794006482,1.22756055375725
7,"2000-02-14","2000-02-20",36,0.971153846153846,0.965005931198102,0.416849682592089,0.727556770231029,1.25493411132715
8,"2000-02-21","2000-02-27",35,1.01980198019802,1.01282051282051,0.555794675524527,0.7632897648384,1.31812650814358
9,"2000-02-28","2000-03-05",28,0.961165048543689,0.955089820359281,0.388960350187642,0.718476811574759,1.24432386143012
10,"2000-03-06","2000-03-12",48,1.12121212121212,1.11270236612702,0.796717089573959,0.84213132110099,1.44391410777304
11,"2000-03-13","2000-03-19",49,1.12612612612613,1.11846496106785,0.819432281549556,0.860252279423618,1.43105861528267
12,"2000-03-20","2000-03-26",73,1.36,1.35064292779426,0.995716530772995,1.06684072719675,1.6897629247275
13,"2000-03-27","2000-04-02",96,1.28235294117647,1.27607585703866,0.992708918534292,1.04002404588931,1.55130627833489
14,"2000-04-03","2000-04-09",95,1.21100917431193,1.20655270655271,0.982076472164461,1.00502900778431,1.43749830443967
15,"2000-04-10","2000-04-16",100,1.10227272727273,1.09915214319359,0.874345191859757,0.92757632290854,1.29352561615121
16,"2000-04-17","2000-04-23",115,1.06529209621993,1.06263360410432,0.781015839992512,0.902861015625279,1.24262857128169
17,"2000-04-24","2000-04-30",160,1.20967741935484,1.2065435568045,0.993557090508141,1.03549262501777,1.3983336693025
18,"2000-05-01","2000-05-07",144,1.11733333333333,1.11507804716041,0.940941060989815,0.967915828901314,1.27848142634583
19,"2000-05-08","2000-05-14",174,1.14081145584726,1.13871543264942,0.975671281002755,0.996797903673614,1.29538858926436
20,"2000-05-15","2000-05-21",183,1.04811715481172,1.04654498044329,0.76896118322101,0.921556136905432,1.18374682809344
21,"2000-05-22","2000-05-28",137,0.986027944111776,0.98469768599154,0.412153518487671,0.867970064504065,1.1126134597357
22,"2000-05-29","2000-06-04",109,0.868421052631579,0.86739843552864,0.016122703134497,0.760479403144067,0.984767027542493
23,"2000-06-05","2000-06-11",78,0.755244755244755,0.754429276793494,6.28348922739885e-05,0.651178810287727,0.868712249760015
24,"2000-06-12","2000-06-18",72,0.799382716049383,0.798117556665386,0.00350086454042753,0.675381013498654,0.935950711551639
25,"2000-06-19","2000-06-25",47,0.760617760617761,0.759241478636582,0.00180369999413066,0.627852957507469,0.908924489948168
26,"2000-06-26","2000-07-02",28,0.746192893401015,0.744486452425961,0.00342652717751024,0.597528492454014,0.915163628758248
27,"2000-07-03","2000-07-09",29,0.707482993197279,0.705560235888795,0.00321101230406928,0.544063866526908,0.897754827816718
28,"2000-07-10","2000-07-16",19,0.730769230769231,0.727758007117438,0.0180350804804816,0.53506872306274,0.964419622090456
29,"2000-07-17","2000-07-23",19,0.881578947368421,0.874798061389338,0.225103996174616,0.621834906169566,1.19473503648369
30,"2000-07-24","2000-07-30",18,0.835820895522388,0.829067641681901,0.159654148737622,0.572542286407097,1.15880781774221
31,"2000-07-31","2000-08-06",6,0.767857142857143,0.761437908496732,0.0944233599044513,0.501646295138091,1.10393862767298
32,"2000-08-07","2000-08-13",8,0.744186046511628,0.736619718309859,0.100339101564693,0.454069340673606,1.12377861229187
33,"2000-08-14","2000-08-20",9,0.71875,0.709737827715356,0.110164247088306,0.400816756822009,1.1542860554999
34,"2000-08-21","2000-08-27",9,1.1304347826087,1.09487179487179,0.667267093961689,0.608297687583568,1.82539755929859
35,"2000-08-28","2000-09-03",7,0.961538461538462,0.938356164383562,0.443862413670393,0.525902713316994,1.54700484883338
36,"2000-09-04","2000-09-10",5,0.84,0.822274881516588,0.27574216490126,0.443704206426131,1.38787885248867
37,"2000-09-11","2000-09-17",3,0.714285714285714,0.701117318435754,0.155252329539508,0.343166798347819,1.25865526697225
38,"2000-09-18","2000-09-24",10,1.2,1.1412213740458,0.701692552072927,0.556113522096016,2.09701256049247
39,"2000-09-25","2000-10-01",5,1,0.964516129032258,0.5,0.482905190457889,1.72664431619004
40,"2000-10-02","2000-10-08",2,0.944444444444444,0.912903225806452,0.432083120220341,0.451317267288598,1.64507481406195
41,"2000-10-09","2000-10-15",5,0.705882352941177,0.69047619047619,0.172464225441218,0.309654204437671,1.31113934689939
42,"2000-10-16","2000-10-22",3,0.833333333333333,0.799065420560748,0.331811904907227,0.322601075088836,1.63214548146223
43,"2000-10-23","2000-10-29",12,2,1.81868131868132,0.969285827130079,0.842293883486779,3.54152535306737
44,"2000-10-30","2000-11-05",7,1.1,1.06140350877193,0.622385671247685,0.561621789292162,1.83288489028571
45,"2000-11-06","2000-11-12",6,1.13636363636364,1.09893048128342,0.670630961488171,0.602874578827594,1.84984328432324
46,"2000-11-13","2000-11-19",5,0.72,0.708530805687204,0.13997811926447,0.369867204237075,1.21806387124785
47,"2000-11-20","2000-11-26",7,1,0.964516129032258,0.5,0.482905190457889,1.72664431619004
48,"2000-11-27","2000-12-03",7,1.05555555555556,1.01612903225806,0.56603029978578,0.514612683647073,1.80809178986677
49,"2000-12-04","2000-12-10",9,1.21052631578947,1.16257668711656,0.733645372381942,0.615734573007774,2.01270192429829
50,"2000-12-11","2000-12-17",12,1.21739130434783,1.17692307692308,0.760056169150836,0.661906001423576,1.94847707834573
51,"2000-12-18","2000-12-24",11,1.14285714285714,1.11276595744681,0.698538399371424,0.655222998176142,1.7755872190528
52,"2000-12-25","2000-12-31",7,0.9375,0.919475655430712,0.39907631365286,0.544438808409781,1.45374310489689
1,"2001-01-01","2001-01-07",18,1.2,1.16932270916335,0.771489607294705,0.706149950217352,1.83161400454758
2,"2001-01-08","2001-01-14",51,2.11111111111111,2.05183946488294,0.999937671877547,1.37058093317548,2.98924912366462
3,"2001-01-15","2001-01-21",71,1.84210526315789,1.81825525040388,0.999994495072571,1.36817329468656,2.38131547054674
4,"2001-01-22","2001-01-28",200,2.3,2.28249336870027,1,1.86738608311686,2.77197810360746
5,"2001-01-29","2001-02-04",316,1.82298136645963,1.81735601082335,1,1.58403184712264,2.07779963927651
6,"2001-02-05","2001-02-11",375,1.51788756388416,1.51550881665604,0.999999999999999,1.36413799176412,1.67984966143272
7,"2001-02-12","2001-02-18",305,1.11784511784512,1.11689312228603,0.992203553790025,1.01940188747613,1.22124603775573
8,"2001-02-19","2001-02-25",201,0.884538152610442,0.88400802105527,0.00395581819047386,0.806519195179151,0.966752061975051
9,"2001-02-26","2001-03-04",302,0.917139614074915,0.916489587760306,0.0377856437070291,0.832052901644987,1.00700551699895
10,"2001-03-05","2001-03-11",371,1.08168316831683,1.08069498069498,0.94628831097486,0.981045179818826,1.18774041186034
11,"2001-03-12","2001-03-18",383,1.20823798627002,1.2071255176353,0.999983139797663,1.10264926236007,1.31898703699237
12,"2001-03-19","2001-03-25",519,1.20549242424242,1.2045750088663,0.999996611503782,1.10937449832042,1.30588091337865
13,"2001-03-26","2001-04-01",783,1.32364493322859,1.32275625306523,0.999999999999984,1.22920316234178,1.42172667480988
14,"2001-04-02","2001-04-08",1176,1.47062314540059,1.4698317396783,1,1.38108935579009,1.56299858833263
15,"2001-04-09","2001-04-15",1124,1.24414850686037,1.24373582051928,1,1.17930447032363,1.31083128822165
16,"2001-04-16","2001-04-22",1568,1.25462212131041,1.25428571428571,1,1.19601399669103,1.31471200331232
17,"2001-04-23","2001-04-29",2123,1.24482936918304,1.24456469068002,1,1.19275159970989,1.29808576877061
18,"2001-04-30","2001-05-06",2508,1.28743509865005,1.28721029820145,1,1.23945181929001,1.33637450749741
19,"2001-05-07","2001-05-13",2170,1.09711243748992,1.09698002136968,0.999999935760677,1.05971431483853,1.1352214703057
20,"2001-05-14","2001-05-20",1437,0.899132480517571,0.899051801760415,7.8131023872885e-10,0.86838876482983,0.930494002058787
21,"2001-05-21","2001-05-27",1152,0.778250204415372,0.778187651999755,0,0.749101761189193,0.80806522765764
22,"2001-05-28","2001-06-03",1211,0.798487077117041,0.798400861276685,0,0.764876011494352,0.832958975687667
23,"2001-06-04","2001-06-10",1187,0.934210526315789,0.934053467495314,0.00176988027698655,0.892037970758346,0.977498057621736
24,"2001-06-11","2001-06-17",804,0.901971830985915,0.901816197951498,1.13619695401024e-05,0.859488300466939,0.94563939137973
25,"2001-06-18","2001-06-24",738,0.852279825109307,0.852128614352051,3.98517996380576e-10,0.809419653948217,0.8964365332226
26,"2001-06-25","2001-07-01",515,0.753755954562111,0.753628164629401,0,0.711372620326809,0.797622962034729
27,"2001-07-02","2001-07-08",416,0.811375789985416,0.811167790125706,9.90109105813985e-11,0.760004079814448,0.864744351126623
28,"2001-07-09","2001-07-15",265,0.716596764529658,0.716418468906683,0,0.664609967960253,0.770985284664086
29,"2001-07-16","2001-07-22",235,0.765886287625418,0.765580958346383,5.20770759848688e-10,0.701713815329108,0.833451186666624
30,"2001-07-23","2001-07-29",144,0.703056768558952,0.702752418585638,2.49023024423423e-12,0.634426197349022,0.776043612635981
31,"2001-07-30","2001-08-05",110,0.759316770186335,0.758764284330815,1.97684227543071e-06,0.673291348279736,0.851622088248241
32,"2001-08-06","2001-08-12",112,0.748466257668712,0.7477695641091,1.24397208514093e-05,0.65134211573634,0.853829315611451
33,"2001-08-13","2001-08-19",102,0.885245901639344,0.883804014971079,0.0547577527655017,0.758878373132056,1.02298519411986
34,"2001-08-20","2001-08-26",87,0.929012345679012,0.927199385324625,0.178598865426339,0.790114262203498,1.08088279611263
35,"2001-08-27","2001-09-02",87,0.916943521594684,0.915047540305912,0.14878022756487,0.774543267519828,1.07325891033142
36,"2001-09-03","2001-09-09",74,0.898550724637681,0.896575033799009,0.110390974357467,0.752471178736547,1.05972765213944
37,"2001-09-10","2001-09-16",81,0.975806451612903,0.973182957393484,0.39308537966937,0.812151850891388,1.15656075809866
38,"2001-09-17","2001-09-23",49,0.84297520661157,0.841037493579866,0.0357623777333883,0.694933245711506,1.00798385787218
39,"2001-09-24","2001-09-30",56,0.911764705882353,0.909007912355447,0.18072572231241,0.741549628066918,1.10240934427627
40,"2001-10-01","2001-10-07",82,1.00537634408602,1.00166777851901,0.520670297706901,0.813735058884755,1.21990118829942
41,"2001-10-08","2001-10-14",71,1.11764705882353,1.11313868613139,0.865851318387412,0.909941446045511,1.34871434990172
42,"2001-10-15","2001-10-21",125,1.33014354066986,1.32471776589424,0.999139728760898,1.10361329618688,1.5786253731965
43,"2001-10-22","2001-10-28",90,1.02877697841727,1.0261744966443,0.631985061174878,0.867233586923622,1.20578361523969
44,"2001-10-29","2001-11-04",80,1.03146853146853,1.02892561983471,0.645670734643211,0.871756421336021,1.2062246598989
45,"2001-11-05","2001-11-11",101,0.91864406779661,0.916701813580768,0.156321882165785,0.774678169763829,1.07681168285509
46,"2001-11-12","2001-11-18",106,1.0590405904059,1.05621844882974,0.751078227452255,0.891807625619981,1.24224533259154
47,"2001-11-19","2001-11-25",122,1.14634146341463,1.14325964456003,0.954870448684925,0.973171390222393,1.33490851927362
48,"2001-11-26","2001-12-02",177,1.23100303951368,1.22796065077563,0.997517748061502,1.05932435718604,1.4163901297707
49,"2001-12-03","2001-12-09",273,1.41234567901235,1.40925868963396,0.999999957986458,1.23885215933254,1.59744900928959
50,"2001-12-10","2001-12-16",438,1.55244755244755,1.54992369740571,1,1.39387402986058,1.71950974460285
51,"2001-12-17","2001-12-23",505,1.36936936936937,1.36802529866479,0.999999999999616,1.25366888782659,1.49033593341036
52,"2001-12-24","2001-12-30",1179,1.74506578947368,1.74365951329705,1,1.62424932791483,1.87005015270775
1,"2001-12-31","2002-01-06",1527,1.51319509896324,1.51253900041208,1,1.43140383193288,1.59726440470836
2,"2002-01-07","2002-01-13",3523,1.93989411398318,1.93927779291023,1,1.85814614537519,2.02328595508436
3,"2002-01-14","2002-01-20",8147,2.11863862578263,2.11828140360733,1,2.05525628396382,2.18289857556452
4,"2002-01-21","2002-01-27",10035,1.64469197544897,1.6445727220207,1,1.60930072989972,1.68046029977654
5,"2002-01-28","2002-02-03",10756,1.33324118866621,1.33318840663169,1,1.30988548298614,1.35681128793709
6,"2002-02-04","2002-02-10",11215,1.10601976639712,1.10599097250718,1,1.08851230968664,1.12367988164373
7,"2002-02-11","2002-02-17",10176,1.004405423983,1.00438375530639,0.711130463724669,0.988928615706829,1.02001696192828
8,"2002-02-18","2002-02-24",11614,1.02668989330264,1.02666736654652,0.999612391164378,1.01098923659528,1.04252540859018
9,"2002-02-25","2002-03-03",12002,1.02384487198909,1.02382304933517,0.998837051035093,1.00838119703011,1.03943981049588
10,"2002-03-04","2002-03-10",15620,1.16110321969697,1.16107632043263,1,1.14428051059247,1.17805835326628
11,"2002-03-11","2002-03-17",14570,1.07533897441125,1.07531881273913,1,1.06061356325293,1.09017616755353
12,"2002-03-18","2002-03-24",9995,0.952431740614334,0.952416996744157,1.34470212742599e-12,0.939470653728122,0.965493753454456
13,"2002-03-25","2002-03-31",6368,0.76976483762598,0.769755607466461,0,0.758403902628592,0.781227018628981
14,"2002-04-01","2002-04-07",4701,0.680955613745838,0.680947570461663,0,0.669097441851936,0.692942330817757
15,"2002-04-08","2002-04-14",2869,0.661697683251044,0.661687128759873,0,0.647631364101599,0.675951818989025
16,"2002-04-15","2002-04-21",1725,0.666881905581863,0.666865444110658,0,0.649521331700668,0.6845266919584
17,"2002-04-22","2002-04-28",1051,0.607315761161915,0.607299888397359,0,0.58744133928999,0.627609682193865
18,"2002-04-29","2002-05-05",656,0.607971656333038,0.607945363175489,0,0.582527008681193,0.634107072949103
19,"2002-05-06","2002-05-12",547,0.656759906759907,0.656697127462045,0,0.622443161274746,0.692227315985774
20,"2002-05-13","2002-05-19",252,0.645519077196096,0.645430360804744,0,0.603856263391284,0.688928215511291
21,"2002-05-20","2002-05-26",143,0.647422680412371,0.647283494978972,0,0.595732665267984,0.701818018024077
22,"2002-05-27","2002-06-02",58,0.480891719745223,0.480919570690341,0,0.429022137383831,0.536754526583276
23,"2002-06-03","2002-06-09",53,0.560706401766004,0.560522696011004,2.35367281220533e-14,0.478896235644834,0.650983521458509
24,"2002-06-10","2002-06-16",59,0.669291338582677,0.668379833578072,2.09251362028873e-05,0.547377061203458,0.806688138109283
25,"2002-06-17","2002-06-23",35,0.864705882352941,0.861779722830051,0.0978188609026691,0.686821553296421,1.06677398981985
26,"2002-06-24","2002-06-30",32,0.857142857142857,0.853833192923336,0.10141090857619,0.668225761549947,1.07391778537249
27,"2002-07-01","2002-07-07",21,0.698412698412698,0.696270853778214,0.00453148439150231,0.52485844360343,0.903150573493722
28,"2002-07-08","2002-07-14",30,0.943181818181818,0.936363636363636,0.350741050170357,0.686562877550507,1.24678711451794
29,"2002-07-15","2002-07-21",15,0.795180722891566,0.79037037037037,0.0810357840152852,0.56450896445857,1.07389737382625
30,"2002-07-22","2002-07-28",17,0.939393939393939,0.930426716141002,0.361393541572893,0.648966755163579,1.29185644775198
31,"2002-07-29","2002-08-04",17,0.790322580645161,0.784023668639053,0.107488268871649,0.529666570226416,1.11465443789201
32,"2002-08-05","2002-08-11",17,1.04081632653061,1.02605459057072,0.579589237387178,0.682433152552857,1.48356894254179
33,"2002-08-12","2002-08-18",24,1.13725490196078,1.12052505966587,0.749616803291782,0.758765998819391,1.5986535280961
34,"2002-08-19","2002-08-25",17,1,0.988421052631579,0.499999999999999,0.677176441992255,1.39402006866571
35,"2002-08-26","2002-09-01",9,0.862068965517241,0.853684210526316,0.219720050889542,0.575028531986912,1.21814017875998
36,"2002-09-02","2002-09-08",4,0.6,0.597323600973236,0.0119098964290005,0.36902101898011,0.905875888522437
37,"2002-09-09","2002-09-15",9,0.733333333333333,0.723107569721116,0.131218767855522,0.402045697782968,1.18992546862953
38,"2002-09-16","2002-09-22",16,1.31818181818182,1.27005347593583,0.838881839821226,0.713866996069224,2.10844800117625
39,"2002-09-23","2002-09-29",15,1.37931034482759,1.33950617283951,0.909094972732203,0.816788329415151,2.08881234482558
40,"2002-09-30","2002-10-06",18,1.225,1.20090634441088,0.83130048157344,0.778955590383197,1.77717682869998
41,"2002-10-07","2002-10-13",38,1.44897959183673,1.42307692307692,0.978365868712696,0.97878835454969,2.01092827513503
42,"2002-10-14","2002-10-20",36,1.29577464788732,1.28065630397237,0.950669558503463,0.931542305552845,1.72250009858679
43,"2002-10-21","2002-10-27",48,1.32608695652174,1.31392235609103,0.980213338568742,0.995681632699206,1.70546772276757
44,"2002-10-28","2002-11-03",57,1.15573770491803,1.1484295845998,0.879795171133824,0.895774820316485,1.4515496085523
45,"2002-11-04","2002-11-10",77,1.29078014184397,1.28314310798946,0.988912283824552,1.02501519799145,1.58859643232817
46,"2002-11-11","2002-11-17",147,1.54395604395604,1.53612815269257,0.999998108631673,1.27092159814341,1.8433180506674
47,"2002-11-18","2002-11-24",179,1.43416370106762,1.42961487383798,0.999998566895244,1.22491033632347,1.66017522840993
48,"2002-11-25","2002-12-01",252,1.43424317617866,1.43106646058733,0.999999989570266,1.25815880699057,1.62204993517385
49,"2002-12-02","2002-12-08",229,1.14186851211073,1.1403451995685,0.990153947656041,1.01842207665006,1.27298779727093
50,"2002-12-09","2002-12-15",163,0.975757575757576,0.974768474768475,0.328801064827952,0.873201541642349,1.08477854640481
51,"2002-12-16","2002-12-22",101,0.765527950310559,0.764962231260895,3.62168463785562e-06,0.678986329386829,0.858359370049674
52,"2002-12-23","2002-12-29",113,0.764705882352941,0.763969658659924,4.06506076644497e-05,0.666418139951316,0.871199688821469
1,"2002-12-30","2003-01-05",2,0.572944297082228,0.572679220350182,1.38773437186046e-11,0.482354591953242,0.673732308408471
2,"2003-01-06","2003-01-12",4,0.550925925925926,0.550603795284646,4.52758661673158e-08,0.436765162007242,0.682716955944057
3,"2003-01-13","2003-01-19",6,0.100840336134454,0.10539979231568,0,0.0540719988045392,0.175626700358235
4,"2003-01-20","2003-01-26",15,2.08333333333333,1.92056074766355,0.985591640172061,0.955872813339158,3.55160092815755
5,"2003-01-27","2003-02-02",11,1.28,1.239336492891,0.825159023508157,0.719307100562836,2.00559914226142
6,"2003-02-03","2003-02-09",15,1.28125,1.24906367041199,0.855607859792947,0.773286489143975,1.92113260332059
7,"2003-02-10","2003-02-16",6,0.780487804878049,0.771386430678466,0.144392140207053,0.473392231435536,1.18196585838296
8,"2003-02-17","2003-02-23",5,0.8125,0.799625468164794,0.213521428251628,0.462100924819277,1.28289572704449
9,"2003-02-24","2003-03-02",4,0.576923076923077,0.573059360730594,0.0403452338759964,0.287355246476241,1.00491306833919
10,"2003-03-03","2003-03-09",3,0.8,0.774809160305344,0.278598546981812,0.341602812048817,1.49553452000218
11,"2003-03-10","2003-03-16",5,1,0.948598130841122,0.5,0.404364339849127,1.8908340920605
12,"2003-03-17","2003-03-23",2,0.833333333333333,0.799065420560748,0.331811904907227,0.322601075088836,1.63214548146223
13,"2003-03-24","2003-03-30",2,0.9,0.851648351648352,0.407264709472656,0.32266059702609,1.81455763967688
14,"2003-03-31","2003-04-06",2,0.666666666666667,0.644578313253012,0.21197509765625,0.20505985063117,1.48454846621191
15,"2003-04-07","2003-04-13",2,1,0.906779661016949,0.5,0.269003543148946,2.22655145397012
16,"2003-04-14","2003-04-20",1,0.833333333333333,0.771186440677966,0.376953125,0.210520416094337,1.94715303767725
17,"2003-04-21","2003-04-27",3,1.2,1.04901960784314,0.623046875,0.300384281397535,2.65894903008152
18,"2003-04-28","2003-05-04",3,1.16666666666667,1.04237288135593,0.61279296875,0.329117704106791,2.50417147567988
19,"2003-05-05","2003-05-11",2,1.14285714285714,1.03731343283582,0.604736328125,0.354285043561886,2.38213220007668
20,"2003-05-12","2003-05-18",0,0.625,0.606666666666667,0.19384765625,0.173854168883891,1.46559597743303
21,"2003-05-19","2003-05-25",0,0.4,0.42156862745098,0.109375,0.0615388346397246,1.28641893003927
22,"2003-05-26","2003-06-01",0,0,0.203703703703704,0,0.000961917828698907,1.0267657020401
23,"2003-06-02","2003-06-08",1,Inf,1.22727272727273,1,0.0585264792923813,5.69538323475834
24,"2003-06-09","2003-06-15",1,2,1.13157894736842,0.75,0.125024960102214,4.27148813375727
25,"2003-06-16","2003-06-22",0,1,0.796296296296296,0.5,0.0992947463243434,2.75822810340936
26,"2003-06-23","2003-06-29",0,0.5,0.5,0.25,0.0330635817480776,1.9273441383673
27,"2003-06-30","2003-07-06",0,0,0.289473684210526,0,0.00125985660881927,1.51869199281924
28,"2003-07-07","2003-07-13",0,NA,0.5,0.5,0.00182406834264431,2.78882387282151
29,"2003-07-14","2003-07-20",1,Inf,1.22727272727273,1,0.0585264792923813,5.69538323475834
30,"2003-07-21","2003-07-27",0,1,0.710526315789474,0.5,0.0422361427659957,2.93984307673885
31,"2003-07-28","2003-08-03",1,2,1.13157894736842,0.75,0.125024960102214,4.27148813375727
32,"2003-08-04","2003-08-10",0,0.5,0.5,0.25,0.0330635817480776,1.9273441383673
33,"2003-08-11","2003-08-17",0,1,0.710526315789474,0.5,0.0422361427659957,2.93984307673885
34,"2003-08-18","2003-08-24",0,0,0.289473684210526,0,0.00125985660881927,1.51869199281924
35,"2003-08-25","2003-08-31",0,NA,0.5,0.5,0.00182406834264431,2.78882387282151
36,"2003-09-01","2003-09-07",0,NA,0.5,0.5,0.00182406834264431,2.78882387282151
37,"2003-09-08","2003-09-14",0,NA,0.5,0.5,0.00182406834264431,2.78882387282151
38,"2003-09-15","2003-09-21",0,NA,0.5,0.5,0.00182406834264431,2.78882387282151
39,"2003-09-22","2003-09-28",0,NA,0.5,0.5,0.00182406834264431,2.78882387282151
40,"2003-09-29","2003-10-05",1,Inf,1.22727272727273,1,0.0585264792923813,5.69538323475834
41,"2003-10-06","2003-10-12",0,1,0.710526315789474,0.5,0.0422361427659957,2.93984307673885
42,"2003-10-13","2003-10-19",0,1,0.710526315789474,0.5,0.0422361427659957,2.93984307673885
43,"2003-10-20","2003-10-26",0,0,0.289473684210526,0,0.00125985660881927,1.51869199281924
44,"2003-10-27","2003-11-02",2,Inf,1.95454545454545,1,0.169246978470811,8.47700963599744
45,"2003-11-03","2003-11-09",3,2.5,1.68518518518519,0.890625,0.366763341267145,5.15877323789898
46,"2003-11-10","2003-11-16",4,1.8,1.51960784313725,0.8665771484375,0.50383311381693,3.66095035125955
47,"2003-11-17","2003-11-23",8,1.66666666666667,1.51204819277108,0.894980192184448,0.647605472805937,3.08384992629398
48,"2003-11-24","2003-11-30",4,1.06666666666667,1.01908396946565,0.572232224047184,0.483884852926363,1.89726417549973
49,"2003-12-01","2003-12-07",12,1.5,1.42086330935252,0.900204566540196,0.738541033466969,2.51285190087829
50,"2003-12-08","2003-12-14",3,0.791666666666667,0.775862068965517,0.220399533671298,0.407971237655281,1.33118459819874
51,"2003-12-15","2003-12-21",3,0.947368421052632,0.917177914110429,0.43396970021422,0.462653416196755,1.63006343338211
52,"2003-12-22","2003-12-28",9,0.833333333333333,0.809677419354839,0.298307447927073,0.388565492975761,1.48150254675579
1,"2003-12-29","2004-01-04",26,2.53333333333333,2.36259541984733,0.999402439839996,1.29492475132859,4.0776107878218
2,"2004-01-05","2004-01-11",19,1.42105263157895,1.38888888888889,0.953526528441029,0.905357724000607,2.05243914303683
3,"2004-01-12","2004-01-18",16,1.12962962962963,1.11399548532731,0.743872563885077,0.762365285043706,1.5752906737688
4,"2004-01-19","2004-01-25",25,0.983606557377049,0.972945891783567,0.463657510544942,0.671893598152988,1.36290775653147
5,"2004-01-26","2004-02-01",29,1.16666666666667,1.15173116089613,0.81065616865344,0.806536752343683,1.59825493135864
6,"2004-02-02","2004-02-08",12,0.942857142857143,0.934325744308231,0.365394719717905,0.65898265008806,1.28538787695264
7,"2004-02-09","2004-02-15",16,0.863636363636364,0.85621521335807,0.207642590656266,0.591777416429445,1.1964680135177
8,"2004-02-16","2004-02-22",11,0.684210526315789,0.679871520342612,0.0321064033135654,0.44246164187556,0.993314245379599
9,"2004-02-23","2004-02-29",21,1.23076923076923,1.20588235294118,0.834082822700042,0.778202766447198,1.79213024166604
10,"2004-03-01","2004-03-07",28,1.25,1.22911392405063,0.877054342693658,0.830298916223534,1.75959170970944
11,"2004-03-08","2004-03-14",6,0.916666666666667,0.907331975560081,0.319884684321475,0.619772649742398,1.28120974277341
12,"2004-03-15","2004-03-21",9,0.781818181818182,0.774944567627494,0.111438827291688,0.509783374778538,1.12517450555342
13,"2004-03-22","2004-03-28",12,0.627906976744186,0.623943661971831,0.0266446819082569,0.373570949179177,0.969361425146096
14,"2004-03-29","2004-04-04",9,1.11111111111111,1.08149779735683,0.65556011963833,0.627756496939482,1.74352212857065
15,"2004-04-05","2004-04-11",3,0.8,0.786852589641434,0.205051358187346,0.444968376786691,1.28212170907036
16,"2004-04-12","2004-04-18",3,0.625,0.618226600985222,0.0716533271479423,0.307332945690833,1.0932647093928
17,"2004-04-19","2004-04-25",2,0.533333333333333,0.530534351145038,0.0669002532958984,0.204327602091613,1.08863525362935
18,"2004-04-26","2004-05-02",3,1,0.926666666666667,0.5,0.324352092374308,2.08036441370176
19,"2004-05-03","2004-05-09",3,1,0.926666666666667,0.5,0.324352092374308,2.08036441370176
20,"2004-05-10","2004-05-16",6,1.5,1.35333333333333,0.820358276367187,0.536701770442102,2.88761852620575
21,"2004-05-17","2004-05-23",3,1,0.948598130841122,0.5,0.404364339849127,1.8908340920605
22,"2004-05-24","2004-05-30",1,0.833333333333333,0.799065420560748,0.331811904907227,0.322601075088836,1.63214548146223
23,"2004-05-31","2004-06-06",0,0.4,0.412087912087912,0.046142578125,0.108078147213482,1.00678066056733
24,"2004-06-07","2004-06-13",5,1.5,1.24418604651163,0.74609375,0.34023400812162,3.28440183769138
25,"2004-06-14","2004-06-20",4,1.5,1.3135593220339,0.78802490234375,0.452637941570022,3.05585942781149
26,"2004-06-21","2004-06-27",3,1.33333333333333,1.22289156626506,0.74827766418457,0.495964933291259,2.55508095364157
27,"2004-06-28","2004-07-04",1,0.666666666666667,0.649532710280374,0.179641723632813,0.242728963804602,1.37148722086223
28,"2004-07-05","2004-07-11",2,0.75,0.713333333333333,0.29052734375,0.222669269078148,1.67197140682342
29,"2004-07-12","2004-07-18",1,0.666666666666667,0.635593220338983,0.25390625,0.154357288240339,1.66519148064618
30,"2004-07-19","2004-07-25",0,0.75,0.686046511627907,0.34375,0.130221321042505,2.00905347271364
31,"2004-07-26","2004-08-01",4,1.66666666666667,1.3,0.7734375,0.308953809081507,3.70346099927016
32,"2004-08-02","2004-08-08",8,2.4,1.99019607843137,0.961593627929688,0.714171351359965,4.65550376398262
33,"2004-08-09","2004-08-15",4,1.33333333333333,1.24766355140187,0.778965830802917,0.571399248945088,2.40457896908145
34,"2004-08-16","2004-08-22",1,0.8125,0.787769784172662,0.285794094204903,0.358404930122834,1.49129913878185
35,"2004-08-23","2004-08-29",5,0.769230769230769,0.743478260869565,0.261733531951904,0.303784568623319,1.50138475683956
36,"2004-08-30","2004-09-05",1,0.7,0.675824175824176,0.227249145507812,0.233321920355675,1.49519001715538
37,"2004-09-06","2004-09-12",4,1.42857142857143,1.27611940298507,0.772750854492188,0.46850362505902,2.84918465788789
38,"2004-09-13","2004-09-19",7,1.2,1.11538461538462,0.668188095092773,0.461070314220281,2.28898959322114
39,"2004-09-20","2004-09-26",5,1.33333333333333,1.24766355140187,0.778965830802917,0.571399248945088,2.40457896908145
40,"2004-09-27","2004-10-03",4,1,0.960431654676259,0.5,0.460452908408408,1.77156818125123
41,"2004-10-04","2004-10-10",5,0.875,0.845323741007194,0.355535551905632,0.392219067087531,1.58492928801851
42,"2004-10-11","2004-10-17",9,1.28571428571429,1.21544715447154,0.763435170054436,0.585805283833025,2.257133062893
43,"2004-10-18","2004-10-24",4,1,0.964516129032258,0.5,0.482905190457889,1.72664431619004
44,"2004-10-25","2004-10-31",14,1.5,1.42903225806452,0.912914426364637,0.771320130050521,2.45656660044556
45,"2004-11-01","2004-11-07",21,1.44444444444444,1.39867841409692,0.931983802561054,0.842378418838869,2.20512690364869
46,"2004-11-08","2004-11-14",17,1.33333333333333,1.30495356037152,0.914878802476963,0.849706636572356,1.92799083866585
47,"2004-11-15","2004-11-21",28,1.26923076923077,1.24941451990632,0.902325470297711,0.85864589679609,1.76348238566502
48,"2004-11-22","2004-11-28",19,0.96969696969697,0.960111317254174,0.430155339308216,0.671882842120027,1.32997133499107
49,"2004-11-29","2004-12-05",28,1.171875,1.15774378585086,0.82544241681161,0.820520805505112,1.59047955620152
50,"2004-12-06","2004-12-12",27,0.986666666666667,0.977905073649755,0.467262492708551,0.70121914017836,1.3275318646008
51,"2004-12-13","2004-12-19",19,1,0.990878938640133,0.5,0.709785271801975,1.34652562329107
52,"2004-12-20","2004-12-26",30,1.02702702702703,1.01741293532338,0.565038514485679,0.730598709716232,1.38010846990096
1,"2004-12-27","2005-01-02",20,0.907894736842105,0.90064620355412,0.279910568855398,0.64210704234017,1.22742001204809
2,"2005-01-03","2005-01-09",17,0.971014492753623,0.961811722912966,0.431707615150997,0.678623094952684,1.32326266303132
3,"2005-01-10","2005-01-16",6,0.641791044776119,0.638939670932358,0.0105432028565688,0.426799453497477,0.91380145491159
4,"2005-01-17","2005-01-23",10,0.767441860465116,0.759154929577465,0.124022870946264,0.470256228163506,1.15457418234463
5,"2005-01-24","2005-01-30",13,0.878787878787879,0.863636363636364,0.304460357702415,0.510261983517437,1.36556298756906
6,"2005-01-31","2005-02-06",12,1.20689655172414,1.17489711934156,0.775018731854888,0.703841638913697,1.85222923502947
7,"2005-02-07","2005-02-13",24,1.4,1.3659793814433,0.938073470269099,0.872856316591662,2.05144699801303
8,"2005-02-14","2005-02-20",6,0.857142857142857,0.847394540942928,0.230396236359486,0.550152167173917,1.24517329206343
9,"2005-02-21","2005-02-27",9,0.928571428571429,0.914985590778098,0.368777154492162,0.579609075790722,1.37283517599741
10,"2005-02-28","2005-03-06",9,0.615384615384615,0.611455108359133,0.0279486133498557,0.354934135645152,0.971171684209066
11,"2005-03-07","2005-03-13",7,1.04166666666667,1.01231527093596,0.557283251356743,0.56173138522074,1.68521659908482
12,"2005-03-14","2005-03-20",7,0.92,0.898104265402844,0.385433497286514,0.49333356384301,1.5006781646306
13,"2005-03-21","2005-03-27",13,1.17391304347826,1.13589743589744,0.715913793575417,0.6350788292136,1.88696063936565
14,"2005-03-28","2005-04-03",5,0.925925925925926,0.905286343612335,0.389883965276538,0.509666950824126,1.48591780237642
15,"2005-04-04","2005-04-10",10,1.12,1.08767772511848,0.661095680428769,0.618440611442963,1.78162895704695
16,"2005-04-11","2005-04-17",6,0.75,0.738297872340426,0.156163403736635,0.403592636056266,1.23048026647441
17,"2005-04-18","2005-04-24",17,1.57142857142857,1.50558659217877,0.950814675779754,0.856592819339734,2.48846518694633
18,"2005-04-25","2005-05-01",8,0.939393939393939,0.921818181818182,0.400653246252034,0.550542581562525,1.44800279605643
19,"2005-05-02","2005-05-08",9,1.09677419354839,1.07142857142857,0.646009622932617,0.644329451070596,1.68022730313751
20,"2005-05-09","2005-05-15",9,0.764705882352941,0.754416961130742,0.148797604142215,0.438743157517123,1.20288993958798
21,"2005-05-16","2005-05-22",2,0.769230769230769,0.755707762557078,0.185649017235506,0.405534264215687,1.27707016111966
22,"2005-05-23","2005-05-29",7,0.9,0.874269005847953,0.371414679364534,0.444050021490902,1.54350007160049
23,"2005-05-30","2005-06-05",8,0.944444444444444,0.912903225806452,0.432083120220341,0.451317267288598,1.64507481406195
24,"2005-06-06","2005-06-12",5,1.17647058823529,1.12585034013605,0.691140341485152,0.57135136250737,2.00847529044659
25,"2005-06-13","2005-06-19",9,1.1,1.06140350877193,0.622385671247685,0.561621789292162,1.83288489028571
26,"2005-06-20","2005-06-26",7,0.954545454545455,0.927807486631016,0.438807164376158,0.492778010361677,1.59032973799716
27,"2005-06-27","2005-07-03",6,1.04761904761905,1.01396648044693,0.561192835623842,0.540106977799474,1.73968478327088
28,"2005-07-04","2005-07-10",8,0.954545454545455,0.927807486631016,0.438807164376158,0.492778010361677,1.59032973799716
29,"2005-07-11","2005-07-17",12,1.23809523809524,1.1927374301676,0.769304408931617,0.654520205347634,2.01265087563669
30,"2005-07-18","2005-07-24",8,1.07692307692308,1.04794520547945,0.60807684889525,0.598806141478555,1.70827449724036
31,"2005-07-25","2005-07-31",11,1.10714285714286,1.07872340425532,0.652997952961934,0.632139697996837,1.7262421870463
32,"2005-08-01","2005-08-07",23,1.35483870967742,1.31853281853282,0.9027474170663,0.81560557051409,2.03178940168581
33,"2005-08-08","2005-08-14",12,1.0952380952381,1.07636887608069,0.665857501640596,0.696561366708211,1.59264586350219
34,"2005-08-15","2005-08-21",10,0.978260869565217,0.964379947229551,0.458064438505645,0.628034987813564,1.41686983719278
35,"2005-08-22","2005-08-28",6,0.622222222222222,0.618598382749326,0.022185460004013,0.374276552252537,0.953470070147706
36,"2005-08-29","2005-09-04",7,0.821428571428571,0.806382978723404,0.239943830849164,0.448879235743559,1.33006055487912
37,"2005-09-05","2005-09-11",13,1.1304347826087,1.09487179487179,0.667267093961689,0.608297687583568,1.82539755929859
38,"2005-09-12","2005-09-18",10,1.15384615384615,1.12100456621005,0.704973334111682,0.647620980618705,1.81557252990358
39,"2005-09-19","2005-09-25",11,1.13333333333333,1.10557768924303,0.692672492117268,0.662301963722138,1.74035281860168
40,"2005-09-26","2005-10-02",10,0.911764705882353,0.895759717314488,0.353990377067383,0.536711150429042,1.4026212296302
41,"2005-10-03","2005-10-09",16,1.19354838709677,1.16409266409266,0.768091191051564,0.708404355741489,1.81221804524317
42,"2005-10-10","2005-10-16",12,1.02702702702703,1.00814332247557,0.54621969119375,0.62813491171528,1.53553885597916
43,"2005-10-17","2005-10-23",15,1.13157894736842,1.10952380952381,0.711784686905802,0.704621407914041,1.6677853327784
44,"2005-10-24","2005-10-30",20,1.09302325581395,1.07464788732394,0.664095675412695,0.698926107280108,1.58364510691969
45,"2005-10-31","2005-11-06",21,1.19148936170213,1.171834625323,0.813528165958185,0.78432531444146,1.6892503846642
46,"2005-11-07","2005-11-13",17,1.03571428571429,1.02287581699346,0.574565038743275,0.698623174954781,1.44701231817443
47,"2005-11-14","2005-11-20",30,1.17241379310345,1.15684210526316,0.814419652574595,0.805453962387634,1.61327501678368
48,"2005-11-21","2005-11-27",64,1.63235294117647,1.60990990990991,0.999396995473212,1.18257392702443,2.15185974154236
49,"2005-11-28","2005-12-04",92,1.67567567567568,1.66129032258065,0.999994117863647,1.3076876465495,2.08752219025714
50,"2005-12-05","2005-12-11",93,1.33870967741935,1.33255503669113,0.998772616374438,1.09816731294772,1.6039226150827
51,"2005-12-12","2005-12-18",76,1.04819277108434,1.04518222666001,0.702577419828138,0.875528141289402,1.23818204689768
52,"2005-12-19","2005-12-25",107,1.05747126436782,1.0545497856122,0.741456619855824,0.887436093404263,1.24407813390713
1,"2005-12-26","2006-01-01",130,1.13405797101449,1.13091482649842,0.936512685830129,0.959137520497324,1.32493820217649
2,"2006-01-02","2006-01-08",194,1.37699680511182,1.37316103379722,0.999992800698089,1.18467640567761,1.5841930841094
3,"2006-01-09","2006-01-15",378,1.62877030162413,1.62518068806013,1,1.43963959534654,1.82932764538006
4,"2006-01-16","2006-01-22",572,1.62962962962963,1.62742136129376,1,1.48025821652826,1.78603758338387
5,"2006-01-23","2006-01-29",662,1.40909090909091,1.40799956346175,1,1.30448717123482,1.51782111091274
6,"2006-01-30","2006-02-05",725,1.21526054590571,1.21465096459286,0.999999996914088,1.13661641599259,1.29671101509533
7,"2006-02-06","2006-02-12",734,1.08269525267994,1.0822865523178,0.994406473510584,1.01735055257544,1.15027988164023
8,"2006-02-13","2006-02-19",630,0.984912776991985,0.984598621826963,0.310923227254442,0.926443951087151,1.04540294316348
9,"2006-02-20","2006-02-26",755,1.01436093824797,1.01402260359983,0.678144896541164,0.954122986576259,1.07666574587646
10,"2006-02-27","2006-03-05",873,1.06559697970741,1.06523020692095,0.982196146877039,1.00348706586503,1.12976954642667
11,"2006-03-06","2006-03-12",872,1.10717449069973,1.10680497925311,0.999775454498398,1.04517761747515,1.17112624698236
12,"2006-03-13","2006-03-19",884,1.0516,1.05129678676728,0.964187058815025,0.994915375201083,1.11002745382854
13,"2006-03-20","2006-03-26",901,1.01065043742868,1.01038350045146,0.649936791421396,0.956998983188856,1.06594315475089
14,"2006-03-27","2006-04-02",843,0.98908543470079,0.988832463441012,0.344967607831982,0.936577928506371,1.04320851831933
15,"2006-04-03","2006-04-09",615,0.897640791476408,0.897432850011885,6.93618300581234e-05,0.848555977386104,0.948322956960531
16,"2006-04-10","2006-04-16",606,0.874947011445528,0.874728591855108,4.54457635690186e-06,0.824163924045231,0.927499456460059
17,"2006-04-17","2006-04-23",430,0.799903100775194,0.799703443684561,5.855538276478e-12,0.749149327645107,0.852641207586342
18,"2006-04-24","2006-04-30",403,0.871592973955179,0.871283758226795,6.78704997754132e-05,0.811277721379158,0.934433169782021
19,"2006-05-01","2006-05-07",316,0.798471160528145,0.798186236223206,5.73395408931532e-09,0.738010329776474,0.861775815816244
20,"2006-05-08","2006-05-14",249,0.842471714534378,0.842062370965989,4.1247670040212e-05,0.772282463556864,0.916260678249039
21,"2006-05-15","2006-05-21",166,0.755165289256198,0.754803352675693,4.19082657465708e-09,0.684783396437039,0.829725433349502
22,"2006-05-22","2006-05-28",157,0.782489740082079,0.781959378733572,5.12809206165699e-06,0.699747506648731,0.870799283295632
23,"2006-05-29","2006-06-04",111,0.758741258741259,0.758120776106388,6.51509726035115e-06,0.667728294082166,0.856820561644138
24,"2006-06-05","2006-06-11",82,0.806451612903226,0.805483778351995,0.00133015363037381,0.697804335036181,0.924513135673705
25,"2006-06-12","2006-06-18",91,0.811428571428571,0.810209889718961,0.00432859059842294,0.690531213310762,0.943999648701896
26,"2006-06-19","2006-06-25",95,0.943661971830986,0.941524310118265,0.247756251033722,0.79404464683296,1.1081155943945
27,"2006-06-26","2006-07-02",47,0.869402985074627,0.867517401392111,0.058718107752072,0.724950086276751,1.02929013774865
28,"2006-07-03","2006-07-09",42,0.789699570815451,0.788,0.00809221593304099,0.646237920233167,0.950546878056321
29,"2006-07-10","2006-07-16",48,0.744565217391304,0.742751180040458,0.00425107889181664,0.591387840728747,0.919458072137893
30,"2006-07-17","2006-07-23",18,0.788321167883212,0.785456187895212,0.0315780167397498,0.605273238833604,1.00073246151737
31,"2006-07-24","2006-07-30",52,1.09259259259259,1.08514285714286,0.747463129244858,0.829785225981754,1.39521688460446
32,"2006-07-31","2006-08-06",17,0.73728813559322,0.73455497382199,0.0148620338889783,0.551107786876566,0.957050443727121
33,"2006-08-07","2006-08-13",31,1.14942528735632,1.13932107496464,0.829746540385407,0.847647650230854,1.50097064785251
34,"2006-08-14","2006-08-20",30,0.78,0.776202219482121,0.0489648551985018,0.57073343139078,1.02917694748342
35,"2006-08-21","2006-08-27",20,1.03846153846154,1.02913385826772,0.594271696397854,0.746304406770921,1.38459673566336
36,"2006-08-28","2006-09-03",20,0.864197530864197,0.858118361153263,0.184580734830895,0.615532383960658,1.16286820892514
37,"2006-09-04","2006-09-10",20,0.857142857142857,0.850262697022767,0.18934383134656,0.59371360300965,1.17808715280491
38,"2006-09-11","2006-09-17",20,1,0.988798370672098,0.499999999999999,0.681882016751724,1.38703733199276
39,"2006-09-18","2006-09-24",25,1.08333333333333,1.07026476578411,0.673200775088471,0.744145144187312,1.49271059686376
40,"2006-09-25","2006-10-01",24,1.06153846153846,1.04990583804143,0.635573030663208,0.739307730503438,1.44845980874325
41,"2006-10-02","2006-10-08",14,0.91304347826087,0.904973357015986,0.300147308855134,0.634511804707178,1.25065035491708
42,"2006-10-09","2006-10-15",33,1.12698412698413,1.11359223300971,0.755988828084567,0.784202956278104,1.53738340815362
43,"2006-10-16","2006-10-22",31,1.09859154929577,1.08721934369603,0.717414045005828,0.779991343580807,1.4770956011395
44,"2006-10-23","2006-10-29",23,1.11538461538462,1.10472440944882,0.758846855927638,0.806057948238626,1.47961820028541
45,"2006-10-30","2006-11-05",27,0.931034482758621,0.924328147100424,0.321284404669432,0.675711253170035,1.23373646226599
46,"2006-11-06","2006-11-12",37,1.07407407407407,1.06449165402124,0.678715595330568,0.778957310843142,1.4216467822557
47,"2006-11-13","2006-11-19",37,1.16091954022989,1.15063649222065,0.847035178349429,0.85671754542436,1.51501495183844
48,"2006-11-20","2006-11-26",43,1.15841584158416,1.14957264957265,0.861309920597577,0.874531162624319,1.48543488521281
49,"2006-11-27","2006-12-03",64,1.23076923076923,1.22228088701162,0.953075889756884,0.952051530806645,1.54745755606673
50,"2006-12-04","2006-12-10",94,1.39583333333333,1.38736027515047,0.998963547689299,1.11538170561582,1.70840015453966
51,"2006-12-11","2006-12-17",79,1.17910447761194,1.17449042618901,0.957534018224836,0.969607117622447,1.4106632536195
52,"2006-12-18","2006-12-24",136,1.30379746835443,1.29916098584164,0.998993068848366,1.09373606864615,1.53313629994351
1,"2006-12-25","2006-12-31",135,1.13268608414239,1.12988320579944,0.945052050512588,0.967056697584715,1.31258081850043
2,"2007-01-01","2007-01-07",152,1.20857142857143,1.20579864816791,0.995718266989505,1.04430442252275,1.38566563456737
3,"2007-01-08","2007-01-14",192,1.13238770685579,1.13033873343152,0.96898343902765,0.989858578988013,1.28536082993171
4,"2007-01-15","2007-01-21",317,1.37995824634656,1.37743950039032,0.99999996740066,1.22289943137749,1.5467751530917
5,"2007-01-22","2007-01-28",375,1.33736762481089,1.33562936403095,0.999999993452951,1.2063031837789,1.47544900322966
6,"2007-01-29","2007-02-04",450,1.29185520361991,1.29062544119723,0.999999995291193,1.18115677524596,1.40775316966182
7,"2007-02-05","2007-02-11",460,1.12521891418564,1.12446703837324,0.998158054991847,1.03754380429063,1.21677122585828
8,"2007-02-12","2007-02-18",474,1.07704280155642,1.07642600330386,0.972368820871625,0.99702784840935,1.16046565692662
9,"2007-02-19","2007-02-25",686,1.17052023121387,1.16985473247316,0.999991789142037,1.08822089831164,1.25605391508335
10,"2007-02-26","2007-03-04",852,1.24197530864198,1.24134607971629,0.999999999962818,1.16217280328352,1.32458736589515
11,"2007-03-05","2007-03-11",1035,1.27882703777336,1.27829515117651,1,1.20541288461922,1.35452305777593
12,"2007-03-12","2007-03-18",1024,1.13136416634279,1.13102694828842,0.999997514750115,1.07224815983236,1.19220570751981
13,"2007-03-19","2007-03-25",1030,1.0611473720371,1.06088244130649,0.989227593255458,1.00819038982385,1.11560472839608
14,"2007-03-26","2007-04-01",1036,1.00032372936225,1.00010112041419,0.505075379715251,0.951151053421585,1.05088999260189
15,"2007-04-02","2007-04-08",1236,1.06860841423948,1.06835550523634,0.996000048677544,1.01690963328577,1.12172322806632
16,"2007-04-09","2007-04-15",1105,1.02271350696548,1.02249593219056,0.820632203952031,0.974324952010049,1.07241284809847
17,"2007-04-16","2007-04-22",963,0.978383180337578,0.978188478188478,0.185883398376945,0.93210569435976,1.02592875902385
18,"2007-04-23","2007-04-29",942,0.911016949152542,0.910845970578225,0.000107436484718448,0.866675034838702,0.956633824421795
19,"2007-04-30","2007-05-06",1042,0.97906976744186,0.978851023203686,0.207158171921018,0.930067510115612,1.02949484223935
20,"2007-05-07","2007-05-13",880,0.971835765184934,0.971615720524017,0.138097232758229,0.922596626670732,1.02252556931967
21,"2007-05-14","2007-05-20",686,0.910614525139665,0.910417484622432,0.000268468193012961,0.863056298861309,0.959643278395219
22,"2007-05-21","2007-05-27",545,0.809432515337423,0.809269461077844,2.20712337295481e-13,0.763786678079029,0.856652914472187
23,"2007-05-28","2007-06-03",430,0.786830885836097,0.786644180129002,1.09579012530503e-13,0.737234904398613,0.838360658781045
24,"2007-06-04","2007-06-10",450,0.857916917519567,0.857620873749906,1.06438130138553e-05,0.798481444906175,0.919853640003073
25,"2007-06-11","2007-06-17",391,0.891929824561403,0.891552011217246,0.00150264802541833,0.825992229041099,0.960806903062253
26,"2007-06-18","2007-06-24",337,0.926829268292683,0.926368012574909,0.0300667680824807,0.855072074238789,1.00190979966793
27,"2007-06-25","2007-07-01",240,0.821731748726655,0.821356650768415,2.84342722611797e-06,0.753655688257653,0.893300905211648
28,"2007-07-02","2007-07-08",241,0.84504132231405,0.844551901998711,0.000190949438968468,0.768583048851335,0.92577354317027
29,"2007-07-09","2007-07-15",256,0.900977995110024,0.900305110602593,0.0199342980482444,0.813947498917451,0.993134357409445
30,"2007-07-16","2007-07-22",198,0.943012211668928,0.942187235483325,0.133437640739217,0.848272517943366,1.04349796663596
31,"2007-07-23","2007-07-29",131,0.841726618705036,0.841051875785317,0.00104374108326732,0.752236680002422,0.937158914032814
32,"2007-07-30","2007-08-05",154,0.825641025641026,0.824877424856107,0.000889773213187173,0.729798603390211,0.928510617105589
33,"2007-08-06","2007-08-12",134,0.867494824016563,0.866451612903226,0.0164685368877366,0.758470312060835,0.985112186137513
34,"2007-08-13","2007-08-19",127,0.990453460620525,0.988849241748439,0.444891749881323,0.861393389646248,1.1297110438811
35,"2007-08-20","2007-08-26",121,0.920481927710843,0.919093365355749,0.121061081296234,0.797883498541251,1.05320359347096
36,"2007-08-27","2007-09-02",82,0.863874345549738,0.86256928594718,0.0255407787300351,0.74231578657189,0.996274292115206
37,"2007-09-03","2007-09-09",123,0.987878787878788,0.985854394568088,0.437908725449724,0.843546535241609,1.14513035820432
38,"2007-09-10","2007-09-16",103,0.94478527607362,0.942917143948072,0.237184175507746,0.804499160605118,1.0980138651834
39,"2007-09-17","2007-09-23",85,1.00974025974026,1.00747474747475,0.548020472086687,0.858062522575007,1.1753247004775
40,"2007-09-24","2007-09-30",107,0.948553054662379,0.946578631452581,0.257703829546854,0.804660391947719,1.10601988065661
41,"2007-10-01","2007-10-07",115,1.04067796610169,1.03816954871362,0.687734334774869,0.882203600936531,1.21377289154362
42,"2007-10-08","2007-10-14",172,1.28338762214984,1.27989460883664,0.999502883658617,1.09995553441773,1.48167462317072
43,"2007-10-15","2007-10-21",200,1.23604060913706,1.23348087258931,0.999148490835598,1.07803689862473,1.40551995061457
44,"2007-10-22","2007-10-28",216,1.20739219712526,1.20540056309189,0.998978617970632,1.06730993920118,1.35671085270435
45,"2007-10-29","2007-11-04",303,1.22278911564626,1.22110286320255,0.999857048451862,1.09360013231535,1.35966215568568
46,"2007-11-05","2007-11-11",306,1.14742698191933,1.14619121985077,0.996526977369952,1.03593322853773,1.26510237794703
47,"2007-11-12","2007-11-18",472,1.31030303030303,1.30895477234912,0.999999997872429,1.19452196646373,1.43167722317368
48,"2007-11-19","2007-11-25",522,1.20259019426457,1.20169765561843,0.999996473484676,1.10774302207239,1.30160664479666
49,"2007-11-26","2007-12-02",513,1.15923076923077,1.15853424262799,0.999953738528411,1.07500902828288,1.24688645181984
50,"2007-12-03","2007-12-09",759,1.19044459190445,1.18981519847518,0.999999711947479,1.11046067583184,1.27341300677754
51,"2007-12-10","2007-12-16",864,1.19063545150502,1.19010652370675,0.999999976122535,1.11719727469148,1.26658150324273
52,"2007-12-17","2007-12-23",903,1.18258426966292,1.18214515468741,0.999999994538094,1.11553512904669,1.25173635061539
1,"2007-12-24","2007-12-30",1708,1.3756927949327,1.37521638063208,1,1.30615116183925,1.447092195863
2,"2007-12-31","2008-01-06",2302,1.41381294964029,1.41345151199166,1,1.35309153787724,1.47589657721845
3,"2008-01-07","2008-01-13",2906,1.40769387339711,1.4074399084319,1,1.3567072448377,1.45964295406495
4,"2008-01-14","2008-01-20",2794,1.15702718334297,1.15689658288007,1,1.12012315177831,1.19457743875274
5,"2008-01-21","2008-01-27",2181,0.984878780304924,0.984795476908179,0.168493473687579,0.95451601389031,1.01577777395718
6,"2008-01-28","2008-02-03",2324,0.926151503616292,0.926077165828827,1.15363355368547e-06,0.896935142645265,0.955904590010548
7,"2008-02-04","2008-02-10",3355,1.07685984381422,1.07675119428796,0.999997406835428,1.04285633314082,1.11146428578596
8,"2008-02-11","2008-02-17",4300,1.26959287531807,1.26945826906871,1,1.23236250842742,1.30740673979905
9,"2008-02-18","2008-02-24",5303,1.29852690650366,1.29841689315281,1,1.26486518741924,1.33265126366595
10,"2008-02-25","2008-03-02",6818,1.26724803210372,1.26716662647697,1,1.23824221738074,1.29660764354304
11,"2008-03-03","2008-03-09",8788,1.27330856829669,1.27324382131086,1,1.24742774060989,1.29946897685971
12,"2008-03-10","2008-03-16",9542,1.2027356640681,1.20268945439764,1,1.1807825919278,1.22490481033432
13,"2008-03-17","2008-03-23",14540,1.3070621918244,1.30701806704938,1,1.28569285065512,1.32861549653575
14,"2008-03-24","2008-03-30",14440,1.17195010648007,1.17192199900369,1,1.15477129349872,1.18926540077309
15,"2008-03-31","2008-04-06",11428,1.04895903639479,1.04893944261114,0.999999999990494,1.03437600509225,1.06365521030196
16,"2008-04-07","2008-04-13",8375,0.847431201742229,0.847419379785013,0,0.835283037812231,0.859682048862749
17,"2008-04-14","2008-04-20",6307,0.762491604123471,0.762481064408388,0,0.750272721630474,0.774829079607336
18,"2008-04-21","2008-04-27",4058,0.717732669475297,0.71772120388145,0,0.704341881712047,0.731277207722333
19,"2008-04-28","2008-05-04",2641,0.694023479188901,0.694009244252356,0,0.67860625469096,0.709653600261482
20,"2008-05-05","2008-05-11",1506,0.630862678763648,0.630848845366571,0,0.613582143123044,0.648444915383432
21,"2008-05-12","2008-05-18",882,0.612918951858623,0.612900031987327,0,0.59164469105405,0.634669135797717
22,"2008-05-19","2008-05-25",817,0.637303638894412,0.637266108391522,0,0.609465582859379,0.665923091753546
23,"2008-05-26","2008-06-01",395,0.653354134165367,0.65328837082375,0,0.617994261411458,0.689945015539604
24,"2008-06-02","2008-06-08",384,0.762177650429799,0.762005607588141,1.11022302462516e-16,0.71352583089859,0.812766759493542
25,"2008-06-09","2008-06-15",231,0.632832080200501,0.632717740042257,0,0.584208993536774,0.683912336739579
26,"2008-06-16","2008-06-22",127,0.734653465346535,0.734334445680386,6.95394852812115e-11,0.667074179025378,0.806216687878581
27,"2008-06-23","2008-06-29",152,0.68733153638814,0.686985034471162,2.38534747509789e-11,0.612590703827323,0.767425510189937
28,"2008-06-30","2008-07-06",95,0.733333333333333,0.732705939868003,2.26499633948496e-06,0.639555979811497,0.83498141398392
29,"2008-07-07","2008-07-13",92,0.906417112299465,0.904928404928405,0.0947953476352994,0.779082846866421,1.04493904253136
30,"2008-07-14","2008-07-20",104,0.858407079646018,0.856959236136614,0.0277742193911594,0.730369275083049,0.998635697430477
31,"2008-07-21","2008-07-27",54,0.859106529209622,0.85741769987174,0.0387873403464166,0.721397596472829,1.01100369659977
32,"2008-07-28","2008-08-03",67,0.9,0.897812033814023,0.12541166740469,0.746769303432466,1.06988931953805
33,"2008-08-04","2008-08-10",38,0.706666666666667,0.705411374930977,0.000362249303987316,0.572421599679202,0.858538627628831
34,"2008-08-11","2008-08-17",44,0.937106918238994,0.93335931410756,0.284126951338378,0.741947946042173,1.1585497237154
35,"2008-08-18","2008-08-24",37,0.798657718120805,0.79592684954281,0.0330803974597331,0.620743692916864,1.00367366750804
36,"2008-08-25","2008-08-31",45,1.05882352941176,1.05244029075805,0.672925513525362,0.81355746867755,1.34002878215644
37,"2008-09-01","2008-09-07",45,1.00793650793651,1.00245338567223,0.52510608234122,0.778081879730354,1.27137875501416
38,"2008-09-08","2008-09-14",25,0.905511811023622,0.901168451801363,0.219797062725332,0.694822680901209,1.14873991001074
39,"2008-09-15","2008-09-21",41,0.965217391304348,0.959720730397422,0.394898475133456,0.733578529700052,1.23322653890735
40,"2008-09-22","2008-09-28",48,1.02702702702703,1.02057842046719,0.579405907223656,0.779881336367258,1.31236539820315
41,"2008-09-29","2008-10-05",39,1.12280701754386,1.11538461538462,0.816407618516769,0.860765136565146,1.42287485199225
42,"2008-10-06","2008-10-12",72,1.2421875,1.23429951690821,0.96669766928109,0.972748468192417,1.54649076990123
43,"2008-10-13","2008-10-19",59,1.06918238993711,1.064302416212,0.728165892753357,0.852881104841339,1.312590257585
44,"2008-10-20","2008-10-26",66,1.15882352941176,1.15353756382203,0.920970664996378,0.935358147967899,1.40819161542329
45,"2008-10-27","2008-11-02",87,1.0761421319797,1.07214870825457,0.771120519421258,0.879385070877434,1.2948800997394
46,"2008-11-03","2008-11-09",94,1.16509433962264,1.16080843585237,0.949074059388222,0.962703638733205,1.38834997985897
47,"2008-11-10","2008-11-16",144,1.31578947368421,1.31127327629592,0.999460032034487,1.10827662734182,1.54185707935528
48,"2008-11-17","2008-11-23",134,1.14461538461538,1.14189965530448,0.962624938953181,0.981581862473698,1.32125488891248
49,"2008-11-24","2008-11-30",181,1.23387096774194,1.23116839638433,0.998745630701542,1.07168327051289,1.40820201861077
50,"2008-12-01","2008-12-07",188,1.0958605664488,1.09408091229976,0.922120387887509,0.962273187122357,1.23899619484985
51,"2008-12-08","2008-12-14",145,1.02186878727634,1.02044609665427,0.634981276133081,0.900762534053226,1.15154184417501
52,"2008-12-15","2008-12-21",245,1.12451361867704,1.1228474411836,0.973689822955431,0.995432213667153,1.26218377799265
1,"2008-12-22","2008-12-28",371,1.31660899653979,1.31467098166127,0.99999972848872,1.17847607361508,1.46272468358367
2,"2008-12-29","2009-01-04",177,1.04204993429698,1.04107230693556,0.791604324633703,0.941381975602737,1.14841715315895
3,"2009-01-05","2009-01-11",362,1.14754098360656,1.14642014162077,0.997722867086483,1.04121517757085,1.25947366006376
4,"2009-01-12","2009-01-18",179,0.789010989010989,0.788574955424496,9.42806237080873e-07,0.714123431200972,0.868380785615628
5,"2009-01-19","2009-01-25",417,1.33426183844011,1.33266724587315,0.999999997872305,1.20858943023526,1.46639190139322
6,"2009-01-26","2009-02-01",250,0.883089770354906,0.882540716612378,0.00416496965003121,0.803680399833915,0.96685852553756
7,"2009-02-02","2009-02-08",449,1.31914893617021,1.3178197374244,0.999999999490996,1.20416252554729,1.43960086703989
8,"2009-02-09","2009-02-15",133,0.745519713261649,0.745217585859716,5.68516345111902e-11,0.680442948236107,0.814212784583716
9,"2009-02-16","2009-02-22",324,1.08894230769231,1.08797060146993,0.962111198161759,0.989210227830455,1.19394678230996
10,"2009-02-23","2009-03-01",91,0.60485651214128,0.604697616751619,0,0.542889397660391,0.671116200856215
11,"2009-03-02","2009-03-08",258,1.22810218978102,1.22627986348123,0.999829275897186,1.09398109886077,1.37047535133493
12,"2009-03-09","2009-03-15",104,0.673105497771174,0.672752548656163,2.35482744415094e-11,0.595946811488971,0.756142751470673
13,"2009-03-16","2009-03-22",184,1.20529801324503,1.20316368638239,0.998389156678327,1.06044965325849,1.36006713305735
14,"2009-03-23","2009-03-29",70,0.655677655677656,0.65528659511304,1.70794378639982e-10,0.571988997873294,0.74657438094563
15,"2009-03-30","2009-04-05",144,1.11173184357542,1.10939130434783,0.927293850683587,0.959565285242523,1.27616605342679
16,"2009-04-06","2009-04-12",32,0.618090452261307,0.617683881064163,8.61399174212352e-10,0.524876943242015,0.721082440410297
17,"2009-04-13","2009-04-19",96,1.10569105691057,1.10232440626579,0.873591729555944,0.92462765876716,1.30452363052041
18,"2009-04-20","2009-04-26",24,0.558823529411765,0.558527663465935,2.13046902342029e-09,0.455149059604185,0.676552979121526
19,"2009-04-27","2009-05-03",49,1.11184210526316,1.10635696821516,0.829021064725429,0.884054024290636,1.36824154026284
20,"2009-05-04","2009-05-10",38,0.656804733727811,0.65553925165077,0.000246972102081355,0.511675499271919,0.825036173191086
21,"2009-05-11","2009-05-17",44,1.18018018018018,1.17185761957731,0.901232385499814,0.904144414828333,1.49574685622891
22,"2009-05-18","2009-05-24",15,0.740458015267176,0.737960339943343,0.0119083215790841,0.56228237987785,0.948960896743305
23,"2009-05-25","2009-05-31",43,1.05154639175258,1.0438373570521,0.638781153685069,0.783901258342641,1.36299842224632
24,"2009-06-01","2009-06-07",18,0.745098039215686,0.741837968561064,0.0251802697588059,0.544771349395041,0.984238951754722
25,"2009-06-08","2009-06-14",32,1.22368421052632,1.2108239095315,0.905247363914278,0.886444945650526,1.61856465084536
26,"2009-06-15","2009-06-21",20,0.752688172043011,0.749006622516556,0.0352126166878086,0.542351687670819,1.00558743545375
27,"2009-06-22","2009-06-28",38,1.28571428571429,1.27057793345009,0.943784940232541,0.921508734521264,1.71313665009027
28,"2009-06-29","2009-07-05",15,0.811111111111111,0.806429548563611,0.0907449369643931,0.585129793528114,1.08166064726681
29,"2009-07-06","2009-07-12",38,1.24657534246575,1.2327731092437,0.920815551034303,0.898013475208893,1.65535305254476
30,"2009-07-13","2009-07-19",5,0.637362637362637,0.63531799729364,0.00323983291317376,0.450032228304954,0.866956215947506
31,"2009-07-20","2009-07-26",15,1,0.988421052631579,0.499999999999999,0.677176441992255,1.39402006866571
32,"2009-07-27","2009-08-02",4,0.413793103448276,0.415789473684211,6.33055759822199e-05,0.248961742819423,0.640586695779773
33,"2009-08-03","2009-08-09",10,1.20833333333333,1.16995073891626,0.755772165310054,0.665412130445234,1.9200477364547
34,"2009-08-10","2009-08-16",3,0.586206896551724,0.582304526748971,0.0362271300812722,0.304742603341391,0.992939372147727
35,"2009-08-17","2009-08-23",9,1.29411764705882,1.23469387755102,0.791153904581734,0.638052362299401,2.18150416370389
36,"2009-08-24","2009-08-30",4,0.727272727272727,0.713903743315508,0.162004300043918,0.357089080209624,1.26397426040445
37,"2009-08-31","2009-09-06",8,1.3125,1.24820143884892,0.797483876929619,0.633536679723521,2.23560718094267
38,"2009-09-07","2009-09-13",6,0.857142857142857,0.835195530726257,0.313551285078574,0.426899945977621,1.46549286766212
39,"2009-09-14","2009-09-20",5,1.05555555555556,1.01612903225806,0.56603029978578,0.514612683647073,1.80809178986677
40,"2009-09-21","2009-09-27",4,0.789473684210526,0.769938650306748,0.243425120832398,0.372141515334873,1.39911736113221
41,"2009-09-28","2009-10-04",4,0.866666666666667,0.83587786259542,0.350554019212723,0.376829870558609,1.59632013501518
42,"2009-10-05","2009-10-11",5,1,0.952173913043478,0.5,0.420104215106143,1.85630579328989
43,"2009-10-12","2009-10-18",5,1.07692307692308,1.02173913043478,0.577490508556366,0.459473152286014,1.9739969990437
44,"2009-10-19","2009-10-25",20,2.14285714285714,1.99593495934959,0.993140907470661,1.04919788179792,3.54275830223381
45,"2009-10-26","2009-11-01",26,1.7,1.64741035856574,0.990841951241542,1.03731035186618,2.5137525655065
46,"2009-11-02","2009-11-08",6,1.01960784313725,1.00596658711217,0.539404475373064,0.673080076752926,1.44698498031253
47,"2009-11-09","2009-11-15",33,1.25,1.23067915690867,0.886362526834196,0.844534567580907,1.73880112520803
48,"2009-11-16","2009-11-22",13,0.8,0.793785310734463,0.113637473165804,0.542171596126145,1.11880129814299
49,"2009-11-23","2009-11-29",17,1.21153846153846,1.19320843091335,0.848561223684837,0.816327933886721,1.68942251541385
50,"2009-11-30","2009-12-06",19,0.777777777777778,0.771844660194175,0.0918285859508874,0.522096058263099,1.09597595482414
51,"2009-12-07","2009-12-13",15,1.04081632653061,1.02605459057072,0.579589237387178,0.682433152552857,1.48356894254179
52,"2009-12-14","2009-12-20",16,0.980392156862745,0.967780429594272,0.460205381306411,0.644584751299195,1.39636184749538
