SE,start,end,cases
1,1996-01-08,1996-01-14,16
2,1996-01-15,1996-01-21,24
3,1996-01-22,1996-01-28,20
4,1996-01-29,1996-02-04,18
5,1996-02-05,1996-02-11,23
6,1996-02-12,1996-02-18,37
7,1996-02-19,1996-02-25,44
8,1996-02-26,1996-03-03,53
9,1996-03-04,1996-03-10,62
10,1996-03-11,1996-03-17,110
11,1996-03-18,1996-03-24,173
12,1996-03-25,1996-03-31,247
13,1996-04-01,1996-04-07,550
14,1996-04-08,1996-04-14,245
15,1996-04-15,1996-04-21,454
16,1996-04-22,1996-04-28,411
17,1996-04-29,1996-05-05,288
18,1996-05-06,1996-05-12,189
19,1996-05-13,1996-05-19,157
20,1996-05-20,1996-05-26,154
21,1996-05-27,1996-06-02,116
22,1996-06-03,1996-06-09,94
23,1996-06-10,1996-06-16,65
24,1996-06-17,1996-06-23,55
25,1996-06-24,1996-06-30,49
26,1996-07-01,1996-07-07,27
27,1996-07-08,1996-07-14,11
28,1996-07-15,1996-07-21,21
29,1996-07-22,1996-07-28,9
30,1996-07-29,1996-08-04,3
31,1996-08-05,1996-08-11,6
32,1996-08-12,1996-08-18,4
33,1996-08-19,1996-08-25,47
34,1996-08-26,1996-09-01,4
35,1996-09-02,1996-09-08,9
36,1996-09-09,1996-09-15,11
37,1996-09-16,1996-09-22,16
38,1996-09-23,1996-09-29,3
39,1996-09-30,1996-10-06,4
40,1996-10-07,1996-10-13,6
41,1996-10-14,1996-10-20,7
42,1996-10-21,1996-10-27,2
43,1996-10-28,1996-11-03,2
44,1996-11-04,1996-11-10,4
45,1996-11-11,1996-11-17,3
46,1996-11-18,1996-11-24,8
47,1996-11-25,1996-12-01,6
48,1996-12-02,1996-12-08,31
49,1996-12-09,1996-12-15,50
50,1996-12-16,1996-12-22,38
51,1996-12-23,1996-12-29,26
52,1996-12-30,1997-01-05,7
1,1997-01-06,1997-01-12,24
2,1997-01-13,1997-01-19,17
3,1997-01-20,1997-01-26,26
4,1997-01-27,1997-02-02,13
5,1997-02-03,1997-02-09,22
6,1997-02-10,1997-02-16,23
7,1997-02-17,1997-02-23,44
8,1997-02-24,1997-03-02,65
9,1997-03-03,1997-03-09,49
10,1997-03-10,1997-03-16,22
11,1997-03-17,1997-03-23,33
12,1997-03-24,1997-03-30,56
13,1997-03-31,1997-04-06,306
14,1997-04-07,1997-04-13,29
15,1997-04-14,1997-04-20,32
16,1997-04-21,1997-04-27,17
17,1997-04-28,1997-05-04,17
18,1997-05-05,1997-05-11,12
19,1997-05-12,1997-05-18,16
20,1997-05-19,1997-05-25,7
21,1997-05-26,1997-06-01,9
22,1997-06-02,1997-06-08,10
23,1997-06-09,1997-06-15,6
24,1997-06-16,1997-06-22,7
25,1997-06-23,1997-06-29,10
26,1997-06-30,1997-07-06,12
27,1997-07-07,1997-07-13,6
28,1997-07-14,1997-07-20,3
29,1997-07-21,1997-07-27,5
30,1997-07-28,1997-08-03,2
31,1997-08-04,1997-08-10,5
32,1997-08-11,1997-08-17,6
33,1997-08-18,1997-08-24,2
34,1997-08-25,1997-08-31,4
35,1997-09-01,1997-09-07,4
36,1997-09-08,1997-09-14,3
37,1997-09-15,1997-09-21,2
38,1997-09-22,1997-09-28,1
39,1997-09-29,1997-10-05,10
40,1997-10-06,1997-10-12,5
41,1997-10-13,1997-10-19,2
42,1997-10-20,1997-10-26,3
43,1997-10-27,1997-11-02,0
44,1997-11-03,1997-11-09,6
45,1997-11-10,1997-11-16,4
46,1997-11-17,1997-11-23,8
47,1997-11-24,1997-11-30,4
48,1997-12-01,1997-12-07,2
49,1997-12-08,1997-12-14,5
50,1997-12-15,1997-12-21,7
51,1997-12-22,1997-12-28,2
52,1997-12-29,1998-01-04,12
1,1998-01-05,1998-01-11,26
2,1998-01-12,1998-01-18,30
3,1998-01-19,1998-01-25,30
4,1998-01-26,1998-02-01,32
5,1998-02-02,1998-02-08,22
6,1998-02-09,1998-02-15,34
7,1998-02-16,1998-02-22,35
8,1998-02-23,1998-03-01,48
9,1998-03-02,1998-03-08,97
10,1998-03-09,1998-03-15,193
11,1998-03-16,1998-03-22,583
12,1998-03-23,1998-03-29,1059
13,1998-03-30,1998-04-05,4672
14,1998-04-06,1998-04-12,1246
15,1998-04-13,1998-04-19,1394
16,1998-04-20,1998-04-26,1110
17,1998-04-27,1998-05-03,760
18,1998-05-04,1998-05-10,519
19,1998-05-11,1998-05-17,434
20,1998-05-18,1998-05-24,307
21,1998-05-25,1998-05-31,180
22,1998-06-01,1998-06-07,128
23,1998-06-08,1998-06-14,60
24,1998-06-15,1998-06-21,58
25,1998-06-22,1998-06-28,35
26,1998-06-29,1998-07-05,28
27,1998-07-06,1998-07-12,18
28,1998-07-13,1998-07-19,21
29,1998-07-20,1998-07-26,13
30,1998-07-27,1998-08-02,19
31,1998-08-03,1998-08-09,12
32,1998-08-10,1998-08-16,10
33,1998-08-17,1998-08-23,11
34,1998-08-24,1998-08-30,6
35,1998-08-31,1998-09-06,8
36,1998-09-07,1998-09-13,7
37,1998-09-14,1998-09-20,7
38,1998-09-21,1998-09-27,10
39,1998-09-28,1998-10-04,8
40,1998-10-05,1998-10-11,6
41,1998-10-12,1998-10-18,5
42,1998-10-19,1998-10-25,10
43,1998-10-26,1998-11-01,4
44,1998-11-02,1998-11-08,11
45,1998-11-09,1998-11-15,9
46,1998-11-16,1998-11-22,14
47,1998-11-23,1998-11-29,10
48,1998-11-30,1998-12-06,14
49,1998-12-07,1998-12-13,14
50,1998-12-14,1998-12-20,9
51,1998-12-21,1998-12-27,14
52,1998-12-28,1999-01-03,10
1,1999-01-04,1999-01-10,35
2,1999-01-11,1999-01-17,10
3,1999-01-18,1999-01-24,14
4,1999-01-25,1999-01-31,24
5,1999-02-01,1999-02-07,26
6,1999-02-08,1999-02-14,30
7,1999-02-15,1999-02-21,49
8,1999-02-22,1999-02-28,60
9,1999-03-01,1999-03-07,67
10,1999-03-08,1999-03-14,90
11,1999-03-15,1999-03-21,165
12,1999-03-22,1999-03-28,252
13,1999-03-29,1999-04-04,930
14,1999-04-05,1999-04-11,375
15,1999-04-12,1999-04-18,378
16,1999-04-19,1999-04-25,274
17,1999-04-26,1999-05-02,242
18,1999-05-03,1999-05-09,224
19,1999-05-10,1999-05-16,149
20,1999-05-17,1999-05-23,160
21,1999-05-24,1999-05-30,79
22,1999-05-31,1999-06-06,61
23,1999-06-07,1999-06-13,50
24,1999-06-14,1999-06-20,50
25,1999-06-21,1999-06-27,21
26,1999-06-28,1999-07-04,19
27,1999-07-05,1999-07-11,29
28,1999-07-12,1999-07-18,18
29,1999-07-19,1999-07-25,18
30,1999-07-26,1999-08-01,9
31,1999-08-02,1999-08-08,13
32,1999-08-09,1999-08-15,8
33,1999-08-16,1999-08-22,11
34,1999-08-23,1999-08-29,19
35,1999-08-30,1999-09-05,6
36,1999-09-06,1999-09-12,7
37,1999-09-13,1999-09-19,8
38,1999-09-20,1999-09-26,9
39,1999-09-27,1999-10-03,9
40,1999-10-04,1999-10-10,11
41,1999-10-11,1999-10-17,10
42,1999-10-18,1999-10-24,7
43,1999-10-25,1999-10-31,4
44,1999-11-01,1999-11-07,9
45,1999-11-08,1999-11-14,7
46,1999-11-15,1999-11-21,5
47,1999-11-22,1999-11-28,12
48,1999-11-29,1999-12-05,8
49,1999-12-06,1999-12-12,7
50,1999-12-13,1999-12-19,7
51,1999-12-20,1999-12-26,6
52,1999-12-27,2000-01-02,19
1,2000-01-03,2000-01-09,16
2,2000-01-10,2000-01-16,27
3,2000-01-17,2000-01-23,37
4,2000-01-24,2000-01-30,39
5,2000-01-31,2000-02-06,33
6,2000-02-07,2000-02-13,32
7,2000-02-14,2000-02-20,36
8,2000-02-21,2000-02-27,35
9,2000-02-28,2000-03-05,28
10,2000-03-06,2000-03-12,48
11,2000-03-13,2000-03-19,49
12,2000-03-20,2000-03-26,73
13,2000-03-27,2000-04-02,96
14,2000-04-03,2000-04-09,95
15,2000-04-10,2000-04-16,100
16,2000-04-17,2000-04-23,115
17,2000-04-24,2000-04-30,160
18,2000-05-01,2000-05-07,144
19,2000-05-08,2000-05-14,174
20,2000-05-15,2000-05-21,183
21,2000-05-22,2000-05-28,137
22,2000-05-29,2000-06-04,109
23,2000-06-05,2000-06-11,78
24,2000-06-12,2000-06-18,72
25,2000-06-19,2000-06-25,47
26,2000-06-26,2000-07-02,28
27,2000-07-03,2000-07-09,29
28,2000-07-10,2000-07-16,19
29,2000-07-17,2000-07-23,19
30,2000-07-24,2000-07-30,18
31,2000-07-31,2000-08-06,6
32,2000-08-07,2000-08-13,8
33,2000-08-14,2000-08-20,9
34,2000-08-21,2000-08-27,9
35,2000-08-28,2000-09-03,7
36,2000-09-04,2000-09-10,5
37,2000-09-11,2000-09-17,3
38,2000-09-18,2000-09-24,10
39,2000-09-25,2000-10-01,5
40,2000-10-02,2000-10-08,2
41,2000-10-09,2000-10-15,5
42,2000-10-16,2000-10-22,3
43,2000-10-23,2000-10-29,12
44,2000-10-30,2000-11-05,7
45,2000-11-06,2000-11-12,6
46,2000-11-13,2000-11-19,5
47,2000-11-20,2000-11-26,7
48,2000-11-27,2000-12-03,7
49,2000-12-04,2000-12-10,9
50,2000-12-11,2000-12-17,12
51,2000-12-18,2000-12-24,11
52,2000-12-25,2000-12-31,7
1,2001-01-01,2001-01-07,18
2,2001-01-08,2001-01-14,51
3,2001-01-15,2001-01-21,71
4,2001-01-22,2001-01-28,200
5,2001-01-29,2001-02-04,316
6,2001-02-05,2001-02-11,375
7,2001-02-12,2001-02-18,305
8,2001-02-19,2001-02-25,201
9,2001-02-26,2001-03-04,302
10,2001-03-05,2001-03-11,371
11,2001-03-12,2001-03-18,383
12,2001-03-19,2001-03-25,519
13,2001-03-26,2001-04-01,783
14,2001-04-02,2001-04-08,1176
15,2001-04-09,2001-04-15,1124
16,2001-04-16,2001-04-22,1568
17,2001-04-23,2001-04-29,2123
18,2001-04-30,2001-05-06,2508
19,2001-05-07,2001-05-13,2170
20,2001-05-14,2001-05-20,1437
21,2001-05-21,2001-05-27,1152
22,2001-05-28,2001-06-03,1211
23,2001-06-04,2001-06-10,1187
24,2001-06-11,2001-06-17,804
25,2001-06-18,2001-06-24,738
26,2001-06-25,2001-07-01,515
27,2001-07-02,2001-07-08,416
28,2001-07-09,2001-07-15,265
29,2001-07-16,2001-07-22,235
30,2001-07-23,2001-07-29,144
31,2001-07-30,2001-08-05,110
32,2001-08-06,2001-08-12,112
33,2001-08-13,2001-08-19,102
34,2001-08-20,2001-08-26,87
35,2001-08-27,2001-09-02,87
36,2001-09-03,2001-09-09,74
37,2001-09-10,2001-09-16,81
38,2001-09-17,2001-09-23,49
39,2001-09-24,2001-09-30,56
40,2001-10-01,2001-10-07,82
41,2001-10-08,2001-10-14,71
42,2001-10-15,2001-10-21,125
43,2001-10-22,2001-10-28,90
44,2001-10-29,2001-11-04,80
45,2001-11-05,2001-11-11,101
46,2001-11-12,2001-11-18,106
47,2001-11-19,2001-11-25,122
48,2001-11-26,2001-12-02,177
49,2001-12-03,2001-12-09,273
50,2001-12-10,2001-12-16,438
51,2001-12-17,2001-12-23,505
52,2001-12-24,2001-12-30,1179
1,2001-12-31,2002-01-06,1527
2,2002-01-07,2002-01-13,3523
3,2002-01-14,2002-01-20,8147
4,2002-01-21,2002-01-27,10035
5,2002-01-28,2002-02-03,10756
6,2002-02-04,2002-02-10,11215
7,2002-02-11,2002-02-17,10176
8,2002-02-18,2002-02-24,11614
9,2002-02-25,2002-03-03,12002
10,2002-03-04,2002-03-10,15620
11,2002-03-11,2002-03-17,14570
12,2002-03-18,2002-03-24,9995
13,2002-03-25,2002-03-31,6368
14,2002-04-01,2002-04-07,4701
15,2002-04-08,2002-04-14,2869
16,2002-04-15,2002-04-21,1725
17,2002-04-22,2002-04-28,1051
18,2002-04-29,2002-05-05,656
19,2002-05-06,2002-05-12,547
20,2002-05-13,2002-05-19,252
21,2002-05-20,2002-05-26,143
22,2002-05-27,2002-06-02,58
23,2002-06-03,2002-06-09,53
24,2002-06-10,2002-06-16,59
25,2002-06-17,2002-06-23,35
26,2002-06-24,2002-06-30,32
27,2002-07-01,2002-07-07,21
28,2002-07-08,2002-07-14,30
29,2002-07-15,2002-07-21,15
30,2002-07-22,2002-07-28,17
31,2002-07-29,2002-08-04,17
32,2002-08-05,2002-08-11,17
33,2002-08-12,2002-08-18,24
34,2002-08-19,2002-08-25,17
35,2002-08-26,2002-09-01,9
36,2002-09-02,2002-09-08,4
37,2002-09-09,2002-09-15,9
38,2002-09-16,2002-09-22,16
39,2002-09-23,2002-09-29,15
40,2002-09-30,2002-10-06,18
41,2002-10-07,2002-10-13,38
42,2002-10-14,2002-10-20,36
43,2002-10-21,2002-10-27,48
44,2002-10-28,2002-11-03,57
45,2002-11-04,2002-11-10,77
46,2002-11-11,2002-11-17,147
47,2002-11-18,2002-11-24,179
48,2002-11-25,2002-12-01,252
49,2002-12-02,2002-12-08,229
50,2002-12-09,2002-12-15,163
51,2002-12-16,2002-12-22,101
52,2002-12-23,2002-12-29,113
1,2002-12-30,2003-01-05,2
2,2003-01-06,2003-01-12,4
3,2003-01-13,2003-01-19,6
4,2003-01-20,2003-01-26,15
5,2003-01-27,2003-02-02,11
6,2003-02-03,2003-02-09,15
7,2003-02-10,2003-02-16,6
8,2003-02-17,2003-02-23,5
9,2003-02-24,2003-03-02,4
10,2003-03-03,2003-03-09,3
11,2003-03-10,2003-03-16,5
12,2003-03-17,2003-03-23,2
13,2003-03-24,2003-03-30,2
14,2003-03-31,2003-04-06,2
15,2003-04-07,2003-04-13,2
16,2003-04-14,2003-04-20,1
17,2003-04-21,2003-04-27,3
18,2003-04-28,2003-05-04,3
19,2003-05-05,2003-05-11,2
20,2003-05-12,2003-05-18,0
21,2003-05-19,2003-05-25,0
22,2003-05-26,2003-06-01,0
23,2003-06-02,2003-06-08,1
24,2003-06-09,2003-06-15,1
25,2003-06-16,2003-06-22,0
26,2003-06-23,2003-06-29,0
27,2003-06-30,2003-07-06,0
28,2003-07-07,2003-07-13,0
29,2003-07-14,2003-07-20,1
30,2003-07-21,2003-07-27,0
31,2003-07-28,2003-08-03,1
32,2003-08-04,2003-08-10,0
33,2003-08-11,2003-08-17,0
34,2003-08-18,2003-08-24,0
35,2003-08-25,2003-08-31,0
36,2003-09-01,2003-09-07,0
37,2003-09-08,2003-09-14,0
38,2003-09-15,2003-09-21,0
39,2003-09-22,2003-09-28,0
40,2003-09-29,2003-10-05,1
41,2003-10-06,2003-10-12,0
42,2003-10-13,2003-10-19,0
43,2003-10-20,2003-10-26,0
44,2003-10-27,2003-11-02,2
45,2003-11-03,2003-11-09,3
46,2003-11-10,2003-11-16,4
47,2003-11-17,2003-11-23,8
48,2003-11-24,2003-11-30,4
49,2003-12-01,2003-12-07,12
50,2003-12-08,2003-12-14,3
51,2003-12-15,2003-12-21,3
52,2003-12-22,2003-12-28,9
1,2003-12-29,2004-01-04,26
2,2004-01-05,2004-01-11,19
3,2004-01-12,2004-01-18,16
4,2004-01-19,2004-01-25,25
5,2004-01-26,2004-02-01,29
6,2004-02-02,2004-02-08,12
7,2004-02-09,2004-02-15,16
8,2004-02-16,2004-02-22,11
9,2004-02-23,2004-02-29,21
10,2004-03-01,2004-03-07,28
11,2004-03-08,2004-03-14,6
12,2004-03-15,2004-03-21,9
13,2004-03-22,2004-03-28,12
14,2004-03-29,2004-04-04,9
15,2004-04-05,2004-04-11,3
16,2004-04-12,2004-04-18,3
17,2004-04-19,2004-04-25,2
18,2004-04-26,2004-05-02,3
19,2004-05-03,2004-05-09,3
20,2004-05-10,2004-05-16,6
21,2004-05-17,2004-05-23,3
22,2004-05-24,2004-05-30,1
23,2004-05-31,2004-06-06,0
24,2004-06-07,2004-06-13,5
25,2004-06-14,2004-06-20,4
26,2004-06-21,2004-06-27,3
27,2004-06-28,2004-07-04,1
28,2004-07-05,2004-07-11,2
29,2004-07-12,2004-07-18,1
30,2004-07-19,2004-07-25,0
31,2004-07-26,2004-08-01,4
32,2004-08-02,2004-08-08,8
33,2004-08-09,2004-08-15,4
34,2004-08-16,2004-08-22,1
35,2004-08-23,2004-08-29,5
36,2004-08-30,2004-09-05,1
37,2004-09-06,2004-09-12,4
38,2004-09-13,2004-09-19,7
39,2004-09-20,2004-09-26,5
40,2004-09-27,2004-10-03,4
41,2004-10-04,2004-10-10,5
42,2004-10-11,2004-10-17,9
43,2004-10-18,2004-10-24,4
44,2004-10-25,2004-10-31,14
45,2004-11-01,2004-11-07,21
46,2004-11-08,2004-11-14,17
47,2004-11-15,2004-11-21,28
48,2004-11-22,2004-11-28,19
49,2004-11-29,2004-12-05,28
50,2004-12-06,2004-12-12,27
51,2004-12-13,2004-12-19,19
52,2004-12-20,2004-12-26,30
1,2004-12-27,2005-01-02,20
2,2005-01-03,2005-01-09,17
3,2005-01-10,2005-01-16,6
4,2005-01-17,2005-01-23,10
5,2005-01-24,2005-01-30,13
6,2005-01-31,2005-02-06,12
7,2005-02-07,2005-02-13,24
8,2005-02-14,2005-02-20,6
9,2005-02-21,2005-02-27,9
10,2005-02-28,2005-03-06,9
11,2005-03-07,2005-03-13,7
12,2005-03-14,2005-03-20,7
13,2005-03-21,2005-03-27,13
14,2005-03-28,2005-04-03,5
15,2005-04-04,2005-04-10,10
16,2005-04-11,2005-04-17,6
17,2005-04-18,2005-04-24,17
18,2005-04-25,2005-05-01,8
19,2005-05-02,2005-05-08,9
20,2005-05-09,2005-05-15,9
21,2005-05-16,2005-05-22,2
22,2005-05-23,2005-05-29,7
23,2005-05-30,2005-06-05,8
24,2005-06-06,2005-06-12,5
25,2005-06-13,2005-06-19,9
26,2005-06-20,2005-06-26,7
27,2005-06-27,2005-07-03,6
28,2005-07-04,2005-07-10,8
29,2005-07-11,2005-07-17,12
30,2005-07-18,2005-07-24,8
31,2005-07-25,2005-07-31,11
32,2005-08-01,2005-08-07,23
33,2005-08-08,2005-08-14,12
34,2005-08-15,2005-08-21,10
35,2005-08-22,2005-08-28,6
36,2005-08-29,2005-09-04,7
37,2005-09-05,2005-09-11,13
38,2005-09-12,2005-09-18,10
39,2005-09-19,2005-09-25,11
40,2005-09-26,2005-10-02,10
41,2005-10-03,2005-10-09,16
42,2005-10-10,2005-10-16,12
43,2005-10-17,2005-10-23,15
44,2005-10-24,2005-10-30,20
45,2005-10-31,2005-11-06,21
46,2005-11-07,2005-11-13,17
47,2005-11-14,2005-11-20,30
48,2005-11-21,2005-11-27,64
49,2005-11-28,2005-12-04,92
50,2005-12-05,2005-12-11,93
51,2005-12-12,2005-12-18,76
52,2005-12-19,2005-12-25,107
1,2005-12-26,2006-01-01,130
2,2006-01-02,2006-01-08,194
3,2006-01-09,2006-01-15,378
4,2006-01-16,2006-01-22,572
5,2006-01-23,2006-01-29,662
6,2006-01-30,2006-02-05,725
7,2006-02-06,2006-02-12,734
8,2006-02-13,2006-02-19,630
9,2006-02-20,2006-02-26,755
10,2006-02-27,2006-03-05,873
11,2006-03-06,2006-03-12,872
12,2006-03-13,2006-03-19,884
13,2006-03-20,2006-03-26,901
14,2006-03-27,2006-04-02,843
15,2006-04-03,2006-04-09,615
16,2006-04-10,2006-04-16,606
17,2006-04-17,2006-04-23,430
18,2006-04-24,2006-04-30,403
19,2006-05-01,2006-05-07,316
20,2006-05-08,2006-05-14,249
21,2006-05-15,2006-05-21,166
22,2006-05-22,2006-05-28,157
23,2006-05-29,2006-06-04,111
24,2006-06-05,2006-06-11,82
25,2006-06-12,2006-06-18,91
26,2006-06-19,2006-06-25,95
27,2006-06-26,2006-07-02,47
28,2006-07-03,2006-07-09,42
29,2006-07-10,2006-07-16,48
30,2006-07-17,2006-07-23,18
31,2006-07-24,2006-07-30,52
32,2006-07-31,2006-08-06,17
33,2006-08-07,2006-08-13,31
34,2006-08-14,2006-08-20,30
35,2006-08-21,2006-08-27,20
36,2006-08-28,2006-09-03,20
37,2006-09-04,2006-09-10,20
38,2006-09-11,2006-09-17,20
39,2006-09-18,2006-09-24,25
40,2006-09-25,2006-10-01,24
41,2006-10-02,2006-10-08,14
42,2006-10-09,2006-10-15,33
43,2006-10-16,2006-10-22,31
44,2006-10-23,2006-10-29,23
45,2006-10-30,2006-11-05,27
46,2006-11-06,2006-11-12,37
47,2006-11-13,2006-11-19,37
48,2006-11-20,2006-11-26,43
49,2006-11-27,2006-12-03,64
50,2006-12-04,2006-12-10,94
51,2006-12-11,2006-12-17,79
52,2006-12-18,2006-12-24,136
1,2006-12-25,2006-12-31,135
2,2007-01-01,2007-01-07,152
3,2007-01-08,2007-01-14,192
4,2007-01-15,2007-01-21,317
5,2007-01-22,2007-01-28,375
6,2007-01-29,2007-02-04,450
7,2007-02-05,2007-02-11,460
8,2007-02-12,2007-02-18,474
9,2007-02-19,2007-02-25,686
10,2007-02-26,2007-03-04,852
11,2007-03-05,2007-03-11,1035
12,2007-03-12,2007-03-18,1024
13,2007-03-19,2007-03-25,1030
14,2007-03-26,2007-04-01,1036
15,2007-04-02,2007-04-08,1236
16,2007-04-09,2007-04-15,1105
17,2007-04-16,2007-04-22,963
18,2007-04-23,2007-04-29,942
19,2007-04-30,2007-05-06,1042
20,2007-05-07,2007-05-13,880
21,2007-05-14,2007-05-20,686
22,2007-05-21,2007-05-27,545
23,2007-05-28,2007-06-03,430
24,2007-06-04,2007-06-10,450
25,2007-06-11,2007-06-17,391
26,2007-06-18,2007-06-24,337
27,2007-06-25,2007-07-01,240
28,2007-07-02,2007-07-08,241
29,2007-07-09,2007-07-15,256
30,2007-07-16,2007-07-22,198
31,2007-07-23,2007-07-29,131
32,2007-07-30,2007-08-05,154
33,2007-08-06,2007-08-12,134
34,2007-08-13,2007-08-19,127
35,2007-08-20,2007-08-26,121
36,2007-08-27,2007-09-02,82
37,2007-09-03,2007-09-09,123
38,2007-09-10,2007-09-16,103
39,2007-09-17,2007-09-23,85
40,2007-09-24,2007-09-30,107
41,2007-10-01,2007-10-07,115
42,2007-10-08,2007-10-14,172
43,2007-10-15,2007-10-21,200
44,2007-10-22,2007-10-28,216
45,2007-10-29,2007-11-04,303
46,2007-11-05,2007-11-11,306
47,2007-11-12,2007-11-18,472
48,2007-11-19,2007-11-25,522
49,2007-11-26,2007-12-02,513
50,2007-12-03,2007-12-09,759
51,2007-12-10,2007-12-16,864
52,2007-12-17,2007-12-23,903
1,2007-12-24,2007-12-30,1708
2,2007-12-31,2008-01-06,2302
3,2008-01-07,2008-01-13,2906
4,2008-01-14,2008-01-20,2794
5,2008-01-21,2008-01-27,2181
6,2008-01-28,2008-02-03,2324
7,2008-02-04,2008-02-10,3355
8,2008-02-11,2008-02-17,4300
9,2008-02-18,2008-02-24,5303
10,2008-02-25,2008-03-02,6818
11,2008-03-03,2008-03-09,8788
12,2008-03-10,2008-03-16,9542
13,2008-03-17,2008-03-23,14540
14,2008-03-24,2008-03-30,14440
15,2008-03-31,2008-04-06,11428
16,2008-04-07,2008-04-13,8375
17,2008-04-14,2008-04-20,6307
18,2008-04-21,2008-04-27,4058
19,2008-04-28,2008-05-04,2641
20,2008-05-05,2008-05-11,1506
21,2008-05-12,2008-05-18,882
22,2008-05-19,2008-05-25,817
23,2008-05-26,2008-06-01,395
24,2008-06-02,2008-06-08,384
25,2008-06-09,2008-06-15,231
26,2008-06-16,2008-06-22,127
27,2008-06-23,2008-06-29,152
28,2008-06-30,2008-07-06,95
29,2008-07-07,2008-07-13,92
30,2008-07-14,2008-07-20,104
31,2008-07-21,2008-07-27,54
32,2008-07-28,2008-08-03,67
33,2008-08-04,2008-08-10,38
34,2008-08-11,2008-08-17,44
35,2008-08-18,2008-08-24,37
36,2008-08-25,2008-08-31,45
37,2008-09-01,2008-09-07,45
38,2008-09-08,2008-09-14,25
39,2008-09-15,2008-09-21,41
40,2008-09-22,2008-09-28,48
41,2008-09-29,2008-10-05,39
42,2008-10-06,2008-10-12,72
43,2008-10-13,2008-10-19,59
44,2008-10-20,2008-10-26,66
45,2008-10-27,2008-11-02,87
46,2008-11-03,2008-11-09,94
47,2008-11-10,2008-11-16,144
48,2008-11-17,2008-11-23,134
49,2008-11-24,2008-11-30,181
50,2008-12-01,2008-12-07,188
51,2008-12-08,2008-12-14,145
52,2008-12-15,2008-12-21,245
1,2008-12-22,2008-12-28,371
2,2008-12-29,2009-01-04,177
3,2009-01-05,2009-01-11,362
4,2009-01-12,2009-01-18,179
5,2009-01-19,2009-01-25,417
6,2009-01-26,2009-02-01,250
7,2009-02-02,2009-02-08,449
8,2009-02-09,2009-02-15,133
9,2009-02-16,2009-02-22,324
10,2009-02-23,2009-03-01,91
11,2009-03-02,2009-03-08,258
12,2009-03-09,2009-03-15,104
13,2009-03-16,2009-03-22,184
14,2009-03-23,2009-03-29,70
15,2009-03-30,2009-04-05,144
16,2009-04-06,2009-04-12,32
17,2009-04-13,2009-04-19,96
18,2009-04-20,2009-04-26,24
19,2009-04-27,2009-05-03,49
20,2009-05-04,2009-05-10,38
21,2009-05-11,2009-05-17,44
22,2009-05-18,2009-05-24,15
23,2009-05-25,2009-05-31,43
24,2009-06-01,2009-06-07,18
25,2009-06-08,2009-06-14,32
26,2009-06-15,2009-06-21,20
27,2009-06-22,2009-06-28,38
28,2009-06-29,2009-07-05,15
29,2009-07-06,2009-07-12,38
30,2009-07-13,2009-07-19,5
31,2009-07-20,2009-07-26,15
32,2009-07-27,2009-08-02,4
33,2009-08-03,2009-08-09,10
34,2009-08-10,2009-08-16,3
35,2009-08-17,2009-08-23,9
36,2009-08-24,2009-08-30,4
37,2009-08-31,2009-09-06,8
38,2009-09-07,2009-09-13,6
39,2009-09-14,2009-09-20,5
40,2009-09-21,2009-09-27,4
41,2009-09-28,2009-10-04,4
42,2009-10-05,2009-10-11,5
43,2009-10-12,2009-10-18,5
44,2009-10-19,2009-10-25,20
45,2009-10-26,2009-11-01,26
46,2009-11-02,2009-11-08,6
47,2009-11-09,2009-11-15,33
48,2009-11-16,2009-11-22,13
49,2009-11-23,2009-11-29,17
50,2009-11-30,2009-12-06,19
51,2009-12-07,2009-12-13,15
52,2009-12-14,2009-12-20,16
200952,2009-12-27,2010-01-02,5
201001,2010-01-03,2010-01-09,20
201002,2010-01-10,2010-01-16,24
201003,2010-01-17,2010-01-23,23
201004,2010-01-24,2010-01-30,34
201005,2010-01-31,2010-02-06,38
201006,2010-02-07,2010-02-13,33
201007,2010-02-14,2010-02-20,47
201008,2010-02-21,2010-02-27,50
201009,2010-02-28,2010-03-06,57
201010,2010-03-07,2010-03-13,45
201011,2010-03-14,2010-03-20,47
201012,2010-03-21,2010-03-27,70
201013,2010-03-28,2010-04-03,45
201014,2010-04-04,2010-04-10,41
201015,2010-04-11,2010-04-17,50
201016,2010-04-18,2010-04-24,57
201017,2010-04-25,2010-05-01,83
201018,2010-05-02,2010-05-08,94
201019,2010-05-09,2010-05-15,61
201020,2010-05-16,2010-05-22,71
201021,2010-05-23,2010-05-29,62
201022,2010-05-30,2010-06-05,57
201023,2010-06-06,2010-06-12,32
201024,2010-06-13,2010-06-19,62
201025,2010-06-20,2010-06-26,41
201026,2010-06-27,2010-07-03,51
201027,2010-07-04,2010-07-10,64
201028,2010-07-11,2010-07-17,54
201029,2010-07-18,2010-07-24,49
201030,2010-07-25,2010-07-31,88
201031,2010-08-01,2010-08-07,84
201032,2010-08-08,2010-08-14,73
201033,2010-08-15,2010-08-21,49
201034,2010-08-22,2010-08-28,53
201035,2010-08-29,2010-09-04,35
201036,2010-09-05,2010-09-11,35
201037,2010-09-12,2010-09-18,45
201038,2010-09-19,2010-09-25,31
201039,2010-09-26,2010-10-02,26
201040,2010-10-03,2010-10-09,27
201041,2010-10-10,2010-10-16,29
201042,2010-10-17,2010-10-23,28
201043,2010-10-24,2010-10-30,34
201044,2010-10-31,2010-11-06,44
201045,2010-11-07,2010-11-13,50
201046,2010-11-14,2010-11-20,54
201047,2010-11-21,2010-11-27,75
201048,2010-11-28,2010-12-04,102
201049,2010-12-05,2010-12-11,112
201050,2010-12-12,2010-12-18,143
201051,2010-12-19,2010-12-25,120
201052,2010-12-26,2011-01-01,139
201101,2011-01-02,2011-01-08,205
201102,2011-01-09,2011-01-15,269
201103,2011-01-16,2011-01-22,269
201104,2011-01-23,2011-01-29,461
201105,2011-01-30,2011-02-05,740
201106,2011-02-06,2011-02-12,1112
201107,2011-02-13,2011-02-19,1432
201108,2011-02-20,2011-02-26,1521
201109,2011-02-27,2011-03-05,1393
201110,2011-03-06,2011-03-12,1509
201111,2011-03-13,2011-03-19,2520
201112,2011-03-20,2011-03-26,3912
201113,2011-03-27,2011-04-02,4299
201114,2011-04-03,2011-04-09,5172
201115,2011-04-10,2011-04-16,4405
201116,2011-04-17,2011-04-23,3679
201117,2011-04-24,2011-04-30,3978
201118,2011-05-01,2011-05-07,3200
201119,2011-05-08,2011-05-14,2831
201120,2011-05-15,2011-05-21,2263
201121,2011-05-22,2011-05-28,1644
201122,2011-05-29,2011-06-04,1460
201123,2011-06-05,2011-06-11,919
201124,2011-06-12,2011-06-18,687
201125,2011-06-19,2011-06-25,430
201126,2011-06-26,2011-07-02,357
201127,2011-07-03,2011-07-09,254
201128,2011-07-10,2011-07-16,213
201129,2011-07-17,2011-07-23,162
201130,2011-07-24,2011-07-30,144
201131,2011-07-31,2011-08-06,111
201132,2011-08-07,2011-08-13,120
201133,2011-08-14,2011-08-20,124
201134,2011-08-21,2011-08-27,92
201135,2011-08-28,2011-09-03,82
201136,2011-09-04,2011-09-10,108
201137,2011-09-11,2011-09-17,98
201138,2011-09-18,2011-09-24,162
201139,2011-09-25,2011-10-01,175
201140,2011-10-02,2011-10-08,173
201141,2011-10-09,2011-10-15,194
201142,2011-10-16,2011-10-22,179
201143,2011-10-23,2011-10-29,232
201144,2011-10-30,2011-11-05,218
201145,2011-11-06,2011-11-12,304
201146,2011-11-13,2011-11-19,252
201147,2011-11-20,2011-11-26,401
201148,2011-11-27,2011-12-03,418
201149,2011-12-04,2011-12-10,502
201150,2011-12-11,2011-12-17,581
201151,2011-12-18,2011-12-24,512
201152,2011-12-25,2011-12-31,535
201201,2012-01-01,2012-01-07,861
201202,2012-01-08,2012-01-14,978
201203,2012-01-15,2012-01-21,1280
201204,2012-01-22,2012-01-28,1459
201205,2012-01-29,2012-02-04,1685
201206,2012-02-05,2012-02-11,2025
201207,2012-02-12,2012-02-18,2480
201208,2012-02-19,2012-02-25,2963
201209,2012-02-26,2012-03-03,4235
201210,2012-03-04,2012-03-10,4967
201211,2012-03-11,2012-03-17,4859
201212,2012-03-18,2012-03-24,5808
201213,2012-03-25,2012-03-31,6129
201214,2012-04-01,2012-04-07,6243
201215,2012-04-08,2012-04-14,7525
201216,2012-04-15,2012-04-21,8644
201217,2012-04-22,2012-04-28,8301
201218,2012-04-29,2012-05-05,6974
201219,2012-05-06,2012-05-12,6396
201220,2012-05-13,2012-05-19,5683
201221,2012-05-20,2012-05-26,5010
201222,2012-05-27,2012-06-02,4038
201223,2012-06-03,2012-06-09,3041
201224,2012-06-10,2012-06-16,2448
201225,2012-06-17,2012-06-23,1709
201226,2012-06-24,2012-06-30,1226
201227,2012-07-01,2012-07-07,924
201228,2012-07-08,2012-07-14,604
201229,2012-07-15,2012-07-21,450
201230,2012-07-22,2012-07-28,333
201231,2012-07-29,2012-08-04,469
201232,2012-08-05,2012-08-11,403
201233,2012-08-12,2012-08-18,424
201234,2012-08-19,2012-08-25,341
201235,2012-08-26,2012-09-01,231
201236,2012-09-02,2012-09-08,167
201237,2012-09-09,2012-09-15,194
201238,2012-09-16,2012-09-22,181
201239,2012-09-23,2012-09-29,144
201240,2012-09-30,2012-10-06,155
201241,2012-10-07,2012-10-13,138
201242,2012-10-14,2012-10-20,170
201243,2012-10-21,2012-10-27,169
201244,2012-10-28,2012-11-03,155
201245,2012-11-04,2012-11-10,159
201246,2012-11-11,2012-11-17,129
201247,2012-11-18,2012-11-24,146
201248,2012-11-25,2012-12-01,191
201249,2012-12-02,2012-12-08,185
201250,2012-12-09,2012-12-15,198
201251,2012-12-16,2012-12-22,169
201252,2012-12-23,2012-12-29,167
201301,2012-12-30,2013-01-05,412
201302,2013-01-06,2013-01-12,706
201303,2013-01-13,2013-01-19,727
201304,2013-01-20,2013-01-26,910
201305,2013-01-27,2013-02-02,1087
201306,2013-02-03,2013-02-09,1030
201307,2013-02-10,2013-02-16,1353
201308,2013-02-17,2013-02-23,2501
201309,2013-02-24,2013-03-02,2979
201310,2013-03-03,2013-03-09,3073
201311,2013-03-10,2013-03-16,4107
201312,2013-03-17,2013-03-23,4090
201313,2013-03-24,2013-03-30,3895
201314,2013-03-31,2013-04-06,5116
201315,2013-04-07,2013-04-13,5115
201316,2013-04-14,2013-04-20,4240
201317,2013-04-21,2013-04-27,2989
201318,2013-04-28,2013-05-04,2847
201319,2013-05-05,2013-05-11,1935
201320,2013-05-12,2013-05-18,1274
201321,2013-05-19,2013-05-25,963
201322,2013-05-26,2013-06-01,571
201323,2013-06-02,2013-06-08,468
201324,2013-06-09,2013-06-15,383
201325,2013-06-16,2013-06-22,294
201326,2013-06-23,2013-06-29,235
201327,2013-06-30,2013-07-06,186
201328,2013-07-07,2013-07-13,137
201329,2013-07-14,2013-07-20,124
201330,2013-07-21,2013-07-27,62
201331,2013-07-28,2013-08-03,79
201332,2013-08-04,2013-08-10,58
201333,2013-08-11,2013-08-17,43
201334,2013-08-18,2013-08-24,53
201335,2013-08-25,2013-08-31,35
201336,2013-09-01,2013-09-07,46
201337,2013-09-08,2013-09-14,54
201338,2013-09-15,2013-09-21,39
201339,2013-09-22,2013-09-28,63
201340,2013-09-29,2013-10-05,46
201341,2013-10-06,2013-10-12,44
201342,2013-10-13,2013-10-19,47
201343,2013-10-20,2013-10-26,58
201344,2013-10-27,2013-11-02,54
201345,2013-11-03,2013-11-09,38
201346,2013-11-10,2013-11-16,42
201347,2013-11-17,2013-11-23,65
201348,2013-11-24,2013-11-30,88
201349,2013-12-01,2013-12-07,92
201350,2013-12-08,2013-12-14,62
201351,2013-12-15,2013-12-21,25
201352,2013-12-22,2013-12-28,3
201401,2013-12-29,2014-01-04,69
201402,2014-01-05,2014-01-11,121
201403,2014-01-12,2014-01-18,103
201404,2014-01-19,2014-01-25,103
201405,2014-01-26,2014-02-01,91
201406,2014-02-02,2014-02-08,86
201407,2014-02-09,2014-02-15,84
201408,2014-02-16,2014-02-22,78
201409,2014-02-23,2014-03-01,52
201410,2014-03-02,2014-03-08,61
201411,2014-03-09,2014-03-15,50
201412,2014-03-16,2014-03-22,68
201413,2014-03-23,2014-03-29,60
201414,2014-03-30,2014-04-05,62
201415,2014-04-06,2014-04-12,66
201416,2014-04-13,2014-04-19,57
201417,2014-04-20,2014-04-26,52
201418,2014-04-27,2014-05-03,63
201419,2014-05-04,2014-05-10,64
201420,2014-05-11,2014-05-17,64
201421,2014-05-18,2014-05-24,53
201422,2014-05-25,2014-05-31,39
201423,2014-06-01,2014-06-07,45
201424,2014-06-08,2014-06-14,42
201425,2014-06-15,2014-06-21,41
201426,2014-06-22,2014-06-28,34
201427,2014-06-29,2014-07-05,39
201428,2014-07-06,2014-07-12,24
201429,2014-07-13,2014-07-19,25
201430,2014-07-20,2014-07-26,24
201431,2014-07-27,2014-08-02,40
201432,2014-08-03,2014-08-09,29
201433,2014-08-10,2014-08-16,2
